,eventLink,eventName,eventDateString,eventLocation,eventListedFights,date,upcoming
599,http://ufcstats.com/event-details/236a37d96d476164,UFC Fight Night: Lemos vs. Andrade,April 23 2022,"Las Vegas, Nevada, USA",0,2022-04-23,1
598,http://ufcstats.com/event-details/8753e125f4499816,UFC Fight Night: Luque vs. Muhammad,April 16 2022,"Las Vegas, Nevada, USA",0,2022-04-16,1
597,http://ufcstats.com/event-details/1fac46d466abd5b8,UFC Fight Night: Blachowicz vs. Rakic,March 26 2022,"Columbus, Ohio, USA",0,2022-03-26,1
596,http://ufcstats.com/event-details/1d00756835ca67c9,UFC Fight Night: Volkov vs. Aspinall,March 19 2022,"London, England, United Kingdom",0,2022-03-19,1
595,http://ufcstats.com/event-details/1f9344211ca7fd60,UFC Fight Night: Santos vs. Ankalaev,March 12 2022,"Las Vegas, Nevada, USA",0,2022-03-12,1
594,http://ufcstats.com/event-details/75e0d3cc2262b732,UFC 272: Covington vs. Masvidal,March 05 2022,"Las Vegas, Nevada, USA",0,2022-03-05,1
593,http://ufcstats.com/event-details/f6a7b02c42e9fc5b,UFC Fight Night: Dariush vs. Makhachev,February 26 2022,"Las Vegas, Nevada, USA",0,2022-02-26,1
592,http://ufcstats.com/event-details/77940e45bc86208e,UFC Fight Night: Dos Anjos vs. Fiziev,February 19 2022,"Las Vegas, Nevada, USA",0,2022-02-19,1
591,http://ufcstats.com/event-details/cbb682f5fcc44bfc,UFC 271: Adesanya vs. Whittaker 2,February 12 2022,"Houston, Texas, USA",0,2022-02-12,1
0,http://ufcstats.com/event-details/883922e5cd6d8473,UFC Fight Night: Hermansson vs. Strickland,February 05 2022,"Las Vegas, Nevada, USA",0,2022-02-05,0
1,http://ufcstats.com/event-details/335ad945324c3a2e,UFC 270: Ngannou vs. Gane,January 22 2022,"Anaheim, California, USA",11,2022-01-22,0
2,http://ufcstats.com/event-details/f5585e675af7afd4,UFC Fight Night: Kattar vs. Chikadze,January 15 2022,"Las Vegas, Nevada, USA",10,2022-01-15,0
3,http://ufcstats.com/event-details/2a470ad41c22c25a,UFC Fight Night: Lewis vs. Daukaus,December 18 2021,"Las Vegas, Nevada, USA",13,2021-12-18,0
4,http://ufcstats.com/event-details/ef927e4fe2117ab8,UFC 269: Oliveira vs. Poirier,December 11 2021,"Las Vegas, Nevada, USA",14,2021-12-11,0
5,http://ufcstats.com/event-details/509697e08673d2e5,UFC Fight Night: Font vs. Aldo,December 04 2021,"Las Vegas, Nevada, USA",13,2021-12-04,0
6,http://ufcstats.com/event-details/c95fbc085e17a532,UFC Fight Night: Vieira vs. Tate,November 20 2021,"Las Vegas, Nevada, USA",11,2021-11-20,0
7,http://ufcstats.com/event-details/b5abaa65f87938eb,UFC Fight Night: Holloway vs. Rodriguez,November 13 2021,"Las Vegas, Nevada, USA",11,2021-11-13,0
8,http://ufcstats.com/event-details/48e093ea1f43a053,UFC 268: Usman vs. Covington 2,November 06 2021,"New York City, New York, USA",14,2021-11-06,0
9,http://ufcstats.com/event-details/3974fa35c917af1d,UFC 267: Blachowicz vs. Teixeira,October 30 2021,"Abu Dhabi, Abu Dhabi, United Arab Emirates",14,2021-10-30,0
10,http://ufcstats.com/event-details/8a9c6c4301f6d088,UFC Fight Night: Costa vs. Vettori,October 23 2021,"Las Vegas, Nevada, USA",15,2021-10-23,0
11,http://ufcstats.com/event-details/8f4616698508f24d,UFC Fight Night: Ladd vs. Dumont,October 16 2021,"Las Vegas, Nevada, USA",10,2021-10-16,0
12,http://ufcstats.com/event-details/d247691a6c0e9034,UFC Fight Night: Dern vs. Rodriguez,October 09 2021,"Las Vegas, Nevada, USA",9,2021-10-09,0
13,http://ufcstats.com/event-details/e15d0a2519d6a0b5,UFC Fight Night: Santos vs. Walker,October 02 2021,"Las Vegas, Nevada, USA",13,2021-10-02,0
14,http://ufcstats.com/event-details/0eec866a077889f0,UFC 266: Volkanovski vs. Ortega,September 25 2021,"Las Vegas, Nevada, USA",13,2021-09-25,0
15,http://ufcstats.com/event-details/4c27ca8c8481f79a,UFC Fight Night: Smith vs. Spann,September 18 2021,"Las Vegas, Nevada, USA",15,2021-09-18,0
16,http://ufcstats.com/event-details/b9532d815060de7f,UFC Fight Night: Brunson vs. Till,September 04 2021,"Las Vegas, Nevada, USA",9,2021-09-04,0
17,http://ufcstats.com/event-details/0db9d2486d564a3c,UFC Fight Night: Barboza vs. Chikadze,August 28 2021,"Las Vegas, Nevada, USA",12,2021-08-28,0
18,http://ufcstats.com/event-details/2f13e4020cea5b38,UFC Fight Night: Cannonier vs. Gastelum,August 21 2021,"Las Vegas, Nevada, USA",12,2021-08-21,0
19,http://ufcstats.com/event-details/972197a8c61ac413,UFC 265: Lewis vs. Gane,August 07 2021,"Houston, Texas, USA",13,2021-08-07,0
20,http://ufcstats.com/event-details/320edfb0332b7073,UFC Fight Night: Hall vs. Strickland,July 31 2021,"Las Vegas, Nevada, USA",11,2021-07-31,0
21,http://ufcstats.com/event-details/e57f0b06ea39e360,UFC Fight Night: Sandhagen vs. Dillashaw,July 24 2021,"Las Vegas, Nevada, USA",11,2021-07-24,0
22,http://ufcstats.com/event-details/40389d39a92f5bfa,UFC Fight Night: Makhachev vs. Moises,July 17 2021,"Las Vegas, Nevada, USA",10,2021-07-17,0
23,http://ufcstats.com/event-details/8a0be41c0380188d,UFC 264: Poirier vs. McGregor 3,July 10 2021,"Las Vegas, Nevada, USA",12,2021-07-10,0
24,http://ufcstats.com/event-details/a1d6b308781aa2f5,UFC Fight Night: Gane vs. Volkov,June 26 2021,"Las Vegas, Nevada, USA",14,2021-06-26,0
25,http://ufcstats.com/event-details/9ddfb3369a3b0394,UFC Fight Night: Jung vs. Ige,June 19 2021,"Las Vegas, Nevada, USA",12,2021-06-19,0
26,http://ufcstats.com/event-details/0b64d0fed453ef7f,UFC 263: Adesanya vs. Vettori 2,June 12 2021,"Glendale, Arizona, USA",14,2021-06-12,0
27,http://ufcstats.com/event-details/3b2485c8d5c8b580,UFC Fight Night: Rozenstruik vs. Sakai,June 05 2021,"Las Vegas, Nevada, USA",14,2021-06-05,0
28,http://ufcstats.com/event-details/277ffed20cf07aea,UFC Fight Night: Font vs. Garbrandt,May 22 2021,"Las Vegas, Nevada, USA",12,2021-05-22,0
29,http://ufcstats.com/event-details/744f50016c39c26c,UFC 262: Oliveira vs. Chandler,May 15 2021,"Houston, Texas, USA",13,2021-05-15,0
30,http://ufcstats.com/event-details/58a36b4ccf5dc30e,UFC Fight Night: Rodriguez vs. Waterson,May 08 2021,"Las Vegas, Nevada, USA",9,2021-05-08,0
31,http://ufcstats.com/event-details/d57e6a8971b6d2bd,UFC Fight Night: Reyes vs. Prochazka,May 01 2021,"Las Vegas, Nevada, USA",12,2021-05-01,0
32,http://ufcstats.com/event-details/27541033b97c076d,UFC 261: Usman vs. Masvidal 2,April 24 2021,"Jacksonville, Florida, USA",13,2021-04-24,0
33,http://ufcstats.com/event-details/4a35913bd9aa4161,UFC Fight Night: Whittaker vs. Gastelum,April 17 2021,"Las Vegas, Nevada, USA",10,2021-04-17,0
34,http://ufcstats.com/event-details/9114c8ded5ccd71d,UFC Fight Night: Vettori vs. Holland,April 10 2021,"Las Vegas, Nevada, USA",13,2021-04-10,0
35,http://ufcstats.com/event-details/6597b611f1c32555,UFC 260: Miocic vs. Ngannou,March 27 2021,"Las Vegas, Nevada, USA",10,2021-03-27,0
36,http://ufcstats.com/event-details/c36e1f4fa755ffb4,UFC Fight Night: Brunson vs. Holland,March 20 2021,"Las Vegas, Nevada, USA",10,2021-03-20,0
37,http://ufcstats.com/event-details/8c90c1563972e44d,UFC Fight Night: Edwards vs. Muhammad,March 13 2021,"Las Vegas, Nevada, USA",15,2021-03-13,0
38,http://ufcstats.com/event-details/6e2b1d631832921d,UFC 259: Blachowicz vs. Adesanya,March 06 2021,"Las Vegas, Nevada, USA",15,2021-03-06,0
39,http://ufcstats.com/event-details/81b57acd6975ac06,UFC Fight Night: Rozenstruik vs. Gane,February 27 2021,"Las Vegas, Nevada, USA",10,2021-02-27,0
40,http://ufcstats.com/event-details/bfe95ec546692b13,UFC Fight Night: Blaydes vs. Lewis,February 20 2021,"Las Vegas, Nevada, USA",12,2021-02-20,0
41,http://ufcstats.com/event-details/3f7c14c7eca7195d,UFC 258: Usman vs. Burns,February 13 2021,"Las Vegas, Nevada, USA",10,2021-02-13,0
42,http://ufcstats.com/event-details/a1153013cb5f628f,UFC Fight Night: Overeem vs. Volkov,February 06 2021,"Las Vegas, Nevada, USA",12,2021-02-06,0
43,http://ufcstats.com/event-details/4304992c2acc187b,UFC 257: Poirier vs. McGregor,January 23 2021,"Abu Dhabi, Abu Dhabi, United Arab Emirates",11,2021-01-23,0
44,http://ufcstats.com/event-details/56116537d71a578c,UFC Fight Night: Chiesa vs. Magny,January 20 2021,"Abu Dhabi, Abu Dhabi, United Arab Emirates",14,2021-01-20,0
45,http://ufcstats.com/event-details/307064d3e0f036c2,UFC Fight Night: Holloway vs. Kattar,January 16 2021,"Abu Dhabi, Abu Dhabi, United Arab Emirates",10,2021-01-16,0
46,http://ufcstats.com/event-details/e49c2db95e572dc8,UFC Fight Night: Thompson vs. Neal,December 19 2020,"Las Vegas, Nevada, USA",12,2020-12-19,0
47,http://ufcstats.com/event-details/d0d43cb9b14f231c,UFC 256: Figueiredo vs. Moreno,December 12 2020,"Las Vegas, Nevada, USA",11,2020-12-12,0
48,http://ufcstats.com/event-details/398b440e73d55b8b,UFC Fight Night: Hermansson vs. Vettori,December 05 2020,"Las Vegas, Nevada, USA",8,2020-12-05,0
49,http://ufcstats.com/event-details/992c82450d96f726,UFC Fight Night: Smith vs. Clark,November 28 2020,"Las Vegas, Nevada, USA",10,2020-11-28,0
50,http://ufcstats.com/event-details/bbb15f301e4a490a,UFC 255: Figueiredo vs. Perez,November 21 2020,"Las Vegas, Nevada, USA",12,2020-11-21,0
51,http://ufcstats.com/event-details/3bc27ec15facbcf3,UFC Fight Night: Felder vs. Dos Anjos,November 14 2020,"Las Vegas, Nevada, USA",9,2020-11-14,0
52,http://ufcstats.com/event-details/41dca66f9dadfc86,UFC Fight Night: Santos vs. Teixeira,November 07 2020,"Las Vegas, Nevada, USA",10,2020-11-07,0
53,http://ufcstats.com/event-details/ad044be25c94dcfd,UFC Fight Night: Hall vs. Silva,October 31 2020,"Las Vegas, Nevada, USA",11,2020-10-31,0
54,http://ufcstats.com/event-details/c3c38c86f5ab9b5c,UFC 254: Khabib vs. Gaethje,October 24 2020,"Abu Dhabi, Abu Dhabi, United Arab Emirates",13,2020-10-24,0
55,http://ufcstats.com/event-details/d4f364dd076bb0e2,UFC Fight Night: Ortega vs. The Korean Zombie,October 17 2020,"Abu Dhabi, Abu Dhabi, United Arab Emirates",11,2020-10-17,0
56,http://ufcstats.com/event-details/fd4578cac86d75ca,UFC Fight Night: Moraes vs. Sandhagen,October 10 2020,"Abu Dhabi, Abu Dhabi, United Arab Emirates",13,2020-10-10,0
57,http://ufcstats.com/event-details/805ad1801eb26abb,UFC Fight Night: Holm vs. Aldana,October 03 2020,"Abu Dhabi, Abu Dhabi, United Arab Emirates",12,2020-10-03,0
58,http://ufcstats.com/event-details/e69c5ce12f4e762b,UFC 253: Adesanya vs. Costa,September 26 2020,"Abu Dhabi, Abu Dhabi, United Arab Emirates",11,2020-09-26,0
59,http://ufcstats.com/event-details/831b937811804dad,UFC Fight Night: Covington vs. Woodley,September 19 2020,"Las Vegas, Nevada, USA",15,2020-09-19,0
60,http://ufcstats.com/event-details/9c37681096c6f3a9,UFC Fight Night: Waterson vs. Hill,September 12 2020,"Las Vegas, Nevada, USA",13,2020-09-12,0
61,http://ufcstats.com/event-details/542db012217ecb83,UFC Fight Night: Overeem vs. Sakai,September 05 2020,"Las Vegas, Nevada, USA",7,2020-09-05,0
62,http://ufcstats.com/event-details/e29cf523ebd155c5,UFC Fight Night: Smith vs. Rakic,August 29 2020,"Las Vegas, Nevada, USA",10,2020-08-29,0
63,http://ufcstats.com/event-details/af1e5c64b8663aa0,UFC Fight Night: Munhoz vs. Edgar,August 22 2020,"Las Vegas, Nevada, USA",10,2020-08-22,0
64,http://ufcstats.com/event-details/bda04c573563cc2e,UFC 252: Miocic vs. Cormier 3,August 15 2020,"Las Vegas, Nevada, USA",11,2020-08-15,0
65,http://ufcstats.com/event-details/7a82635ffa9b59fe,UFC Fight Night: Lewis vs. Oleinik,August 08 2020,"Las Vegas, Nevada, USA",12,2020-08-08,0
66,http://ufcstats.com/event-details/3746e21bb508391a,UFC Fight Night: Brunson vs. Shahbazyan,August 01 2020,"Las Vegas, Nevada, USA",9,2020-08-01,0
67,http://ufcstats.com/event-details/dde70a112e053a6c,UFC Fight Night: Whittaker vs. Till,July 25 2020,"Abu Dhabi, Abu Dhabi, United Arab Emirates",16,2020-07-25,0
68,http://ufcstats.com/event-details/ddbd0d6259ce57cc,UFC Fight Night: Figueiredo vs. Benavidez 2,July 18 2020,"Abu Dhabi, Abu Dhabi, United Arab Emirates",12,2020-07-18,0
69,http://ufcstats.com/event-details/18f5669a92e99d92,UFC Fight Night: Kattar vs. Ige,July 15 2020,"Abu Dhabi, Abu Dhabi, United Arab Emirates",11,2020-07-15,0
70,http://ufcstats.com/event-details/dbd198f780286aca,UFC 251: Usman vs. Masvidal,July 11 2020,"Abu Dhabi, Abu Dhabi, United Arab Emirates",13,2020-07-11,0
71,http://ufcstats.com/event-details/c32eab6c2119e989,UFC Fight Night: Poirier vs. Hooker,June 27 2020,"Las Vegas, Nevada, USA",10,2020-06-27,0
72,http://ufcstats.com/event-details/2eab7a6c8b0ed8cc,UFC Fight Night: Blaydes vs. Volkov,June 20 2020,"Las Vegas, Nevada, USA",13,2020-06-20,0
73,http://ufcstats.com/event-details/1e13936d708bcff7,UFC Fight Night: Eye vs. Calvillo,June 13 2020,"Las Vegas, Nevada, USA",10,2020-06-13,0
74,http://ufcstats.com/event-details/4c12aa7ca246e7a4,UFC 250: Nunes vs. Spencer,June 06 2020,"Las Vegas, Nevada, USA",12,2020-06-06,0
75,http://ufcstats.com/event-details/14b9e0f2679a2205,UFC Fight Night: Woodley vs. Burns,May 30 2020,"Las Vegas, Nevada, USA",12,2020-05-30,0
76,http://ufcstats.com/event-details/dfb965c9824425db,UFC Fight Night: Overeem vs. Harris,May 16 2020,"Jacksonville, Florida, USA",11,2020-05-16,0
77,http://ufcstats.com/event-details/5f8e00c27b7e7410,UFC Fight Night: Smith vs. Teixeira,May 13 2020,"Jacksonville, Florida, USA",10,2020-05-13,0
78,http://ufcstats.com/event-details/898337ef520fe4d3,UFC 249: Ferguson vs. Gaethje,May 09 2020,"Jacksonville, Florida, USA",11,2020-05-09,0
79,http://ufcstats.com/event-details/53278852bcd91e11,UFC Fight Night: Lee vs. Oliveira,March 14 2020,"Brasilia, Distrito Federal, Brazil",13,2020-03-14,0
80,http://ufcstats.com/event-details/0b5b6876c2a4723f,UFC 248: Adesanya vs. Romero,March 07 2020,"Las Vegas, Nevada, USA",11,2020-03-07,0
81,http://ufcstats.com/event-details/fc9a9559a05f2704,UFC Fight Night: Benavidez vs. Figueiredo,February 29 2020,"Norfolk, Virginia, USA",12,2020-02-29,0
82,http://ufcstats.com/event-details/33b2f68ef95252e0,UFC Fight Night: Felder vs. Hooker,February 22 2020,"Auckland, New Zealand",12,2020-02-22,0
83,http://ufcstats.com/event-details/5df17b3620145578,UFC Fight Night: Anderson vs. Blachowicz,February 15 2020,"Rio Rancho, New Mexico, USA",13,2020-02-15,0
84,http://ufcstats.com/event-details/b26d3e3746fb4024,UFC 247: Jones vs. Reyes,February 08 2020,"Houston, Texas, USA",13,2020-02-08,0
85,http://ufcstats.com/event-details/44aa652b181bcf68,UFC Fight Night: Blaydes vs. Dos Santos,January 25 2020,"Raleigh, North Carolina, USA",12,2020-01-25,0
86,http://ufcstats.com/event-details/0c1773639c795466,UFC 246: McGregor vs. Cowboy,January 18 2020,"Las Vegas, Nevada, USA",11,2020-01-18,0
87,http://ufcstats.com/event-details/74fefd43f073cd2f,UFC Fight Night: Edgar vs. The Korean Zombie,December 21 2019,"Busan, South Korea",13,2019-12-21,0
88,http://ufcstats.com/event-details/4565d435005319c0,UFC 245: Usman vs. Covington,December 14 2019,"Las Vegas, Nevada, USA",13,2019-12-14,0
89,http://ufcstats.com/event-details/b09890ba7ce1d1e2,UFC Fight Night: Overeem vs. Rozenstruik,December 07 2019,"Washington, DC, USA",14,2019-12-07,0
90,http://ufcstats.com/event-details/81ca2c245b19b3c5,UFC Fight Night: Blachowicz vs. Jacare,November 16 2019,"Sao Paulo, Sao Paulo, Brazil",13,2019-11-16,0
91,http://ufcstats.com/event-details/8d5daf67983b65ba,UFC Fight Night: Zabit vs. Kattar,November 09 2019,"Moscow, Moscow, Russia",13,2019-11-09,0
92,http://ufcstats.com/event-details/fd87b1bbfcde9d5e,UFC 244: Masvidal vs. Diaz,November 02 2019,"New York City, New York, USA",12,2019-11-02,0
93,http://ufcstats.com/event-details/df05aa15b2d66f57,UFC Fight Night: Maia vs. Askren,October 26 2019,"Kallang, Singapore",11,2019-10-26,0
94,http://ufcstats.com/event-details/3ae10ac4df3df05c,UFC Fight Night: Reyes vs. Weidman,October 18 2019,"Boston, Massachusetts, USA",14,2019-10-18,0
95,http://ufcstats.com/event-details/0941df56f6ac954b,UFC Fight Night: Joanna vs. Waterson,October 12 2019,"Tampa, Florida, USA",14,2019-10-12,0
96,http://ufcstats.com/event-details/3cf68c1d17f66af7,UFC 243: Whittaker vs. Adesanya,October 05 2019,"Melbourne, Victoria, Australia",12,2019-10-05,0
97,http://ufcstats.com/event-details/1bf49bf829964144,UFC Fight Night: Hermansson vs. Cannonier,September 28 2019,"Copenhagen, Denmark",13,2019-09-28,0
98,http://ufcstats.com/event-details/94a5aaf573f780ad,UFC Fight Night: Rodriguez vs. Stephens,September 21 2019,"Mexico City, Distrito Federal, Mexico",14,2019-09-21,0
99,http://ufcstats.com/event-details/4834ff149dc9542a,UFC Fight Night: Cowboy vs. Gaethje,September 14 2019,"Vancouver, British Columbia, Canada",13,2019-09-14,0
100,http://ufcstats.com/event-details/a79bfbc01b2264d6,UFC 242: Khabib vs. Poirier,September 07 2019,"Abu Dhabi, Abu Dhabi, United Arab Emirates",14,2019-09-07,0
101,http://ufcstats.com/event-details/2c104b7e59a72629,UFC Fight Night: Andrade vs. Zhang,August 31 2019,"Shenzhen, Guangdong, China",11,2019-08-31,0
102,http://ufcstats.com/event-details/70167689d6a01793,UFC 241: Cormier vs. Miocic 2,August 17 2019,"Anaheim, California, USA",12,2019-08-17,0
103,http://ufcstats.com/event-details/e5d03e4d966126bd,UFC Fight Night: Shevchenko vs. Carmouche 2,August 10 2019,"Montevideo, Uruguay",13,2019-08-10,0
104,http://ufcstats.com/event-details/03da33a102d9a45f,UFC Fight Night: Covington vs. Lawler,August 03 2019,"Newark, New Jersey, USA",12,2019-08-03,0
105,http://ufcstats.com/event-details/abcf7e55a0a9ed89,UFC 240: Holloway vs. Edgar,July 27 2019,"Edmonton, Alberta, Canada",11,2019-07-27,0
106,http://ufcstats.com/event-details/9e0f28d1f639ad73,UFC Fight Night: Dos Anjos vs. Edwards,July 20 2019,"San Antonio, Texas, USA",13,2019-07-20,0
107,http://ufcstats.com/event-details/2f8f3c69522db931,UFC Fight Night: De Randamie vs. Ladd,July 13 2019,"Sacramento, California, USA",13,2019-07-13,0
108,http://ufcstats.com/event-details/6c9383ffab2725a5,UFC 239: Jones vs. Santos,July 06 2019,"Las Vegas, Nevada, USA",12,2019-07-06,0
109,http://ufcstats.com/event-details/c0c1bc0766df4c00,UFC Fight Night: Ngannou vs. Dos Santos,June 29 2019,"Minneapolis, Minnesota, USA",12,2019-06-29,0
110,http://ufcstats.com/event-details/b16a7e6a627e9789,UFC Fight Night: Moicano vs. The Korean Zombie,June 22 2019,"Greenville, South Carolina, USA",11,2019-06-22,0
111,http://ufcstats.com/event-details/e31502e3f79d00c5,UFC 238: Cejudo vs. Moraes,June 08 2019,"Chicago, Illinois, USA",13,2019-06-08,0
112,http://ufcstats.com/event-details/cbc071cb20ea59c7,UFC Fight Night: Gustafsson vs. Smith,June 01 2019,"Stockholm, Sweden",12,2019-06-01,0
113,http://ufcstats.com/event-details/6b8f28da9a483049,UFC Fight Night: Dos Anjos vs. Lee,May 18 2019,"Rochester, New York, USA",13,2019-05-18,0
114,http://ufcstats.com/event-details/9de7c97e1c0d7927,UFC 237: Namajunas vs. Andrade,May 11 2019,"Rio de Janeiro, Rio de Janeiro, Brazil",12,2019-05-11,0
115,http://ufcstats.com/event-details/351264d11286d09a,UFC Fight Night: Iaquinta vs. Cowboy,May 04 2019,"Ottawa, Ontario, Canada",12,2019-05-04,0
116,http://ufcstats.com/event-details/c912f676692c353a,UFC Fight Night: Jacare vs. Hermansson,April 27 2019,"Sunrise, Florida, USA",13,2019-04-27,0
117,http://ufcstats.com/event-details/7dcf06c1967801c1,UFC Fight Night: Overeem vs. Oleinik,April 20 2019,"Saint Petersburg, Saint Petersburg, Russia",11,2019-04-20,0
118,http://ufcstats.com/event-details/b0550072e5f0afa7,UFC 236: Holloway vs. Poirier 2,April 13 2019,"Atlanta, Georgia, USA",13,2019-04-13,0
119,http://ufcstats.com/event-details/9649d75defe0dedb,UFC Fight Night: Barboza vs. Gaethje,March 30 2019,"Philadelphia, Pennsylvania, USA",13,2019-03-30,0
120,http://ufcstats.com/event-details/487c170da059857d,UFC Fight Night: Thompson vs. Pettis,March 23 2019,"Nashville, Tennessee, USA",12,2019-03-23,0
121,http://ufcstats.com/event-details/80eacd4da0617c57,UFC Fight Night: Till vs. Masvidal,March 16 2019,"London, England, United Kingdom",12,2019-03-16,0
122,http://ufcstats.com/event-details/e96d8538d3f9d0ed,UFC Fight Night: Lewis vs. Dos Santos,March 09 2019,"Wichita, Kansas, USA",13,2019-03-09,0
123,http://ufcstats.com/event-details/2d5fbe2103f97053,UFC 235: Jones vs. Smith,March 02 2019,"Las Vegas, Nevada, USA",12,2019-03-02,0
124,http://ufcstats.com/event-details/6546af7ab545b90c,UFC Fight Night: Blachowicz vs. Santos,February 23 2019,"Prague, Czech Republic",13,2019-02-23,0
125,http://ufcstats.com/event-details/a7a79b8efbceaaac,UFC Fight Night: Ngannou vs. Velasquez,February 17 2019,"Phoenix, Arizona, USA",12,2019-02-17,0
126,http://ufcstats.com/event-details/b5882371e2a3900d,UFC 234: Adesanya vs. Silva,February 09 2019,"Melbourne, Victoria, Australia",11,2019-02-09,0
127,http://ufcstats.com/event-details/84283233ec42be5f,UFC Fight Night: Assuncao vs. Moraes 2,February 02 2019,"Fortaleza, Ceara, Brazil",13,2019-02-02,0
128,http://ufcstats.com/event-details/d4da8995fc91e7ef,UFC Fight Night: Cejudo vs. Dillashaw,January 19 2019,"Brooklyn, New York, USA",13,2019-01-19,0
129,http://ufcstats.com/event-details/c046100aea0dba9a,UFC 232: Jones vs. Gustafsson 2,December 29 2018,"Los Angeles, California, USA",14,2018-12-29,0
130,http://ufcstats.com/event-details/7a703c565ccaa18f,UFC Fight Night: Lee vs. Iaquinta,December 15 2018,"Milwaukee, Wisconsin, USA",12,2018-12-15,0
131,http://ufcstats.com/event-details/2a74bbba57058f12,UFC 231: Holloway vs. Ortega,December 08 2018,"Toronto, Ontario, Canada",13,2018-12-08,0
132,http://ufcstats.com/event-details/d1d20e651e6cbc02,UFC Fight Night: Dos Santos vs. Tuivasa,December 01 2018,"Adelaide, South Australia, Australia",12,2018-12-01,0
133,http://ufcstats.com/event-details/c7ac79839e86ce33,The Ultimate Fighter: Heavy Hitters Finale,November 30 2018,"Las Vegas, Nevada, USA",13,2018-11-30,0
134,http://ufcstats.com/event-details/de25520d54eab12d,UFC Fight Night: Blaydes vs. Ngannou 2,November 24 2018,"Beijing, China",12,2018-11-24,0
135,http://ufcstats.com/event-details/aa3153a9941b4d44,UFC Fight Night: Magny vs. Ponzinibbio,November 17 2018,"Buenos Aires, Buenos Aires, Argentina",12,2018-11-17,0
136,http://ufcstats.com/event-details/42c96a9c4802e2e1,UFC Fight Night: Korean Zombie vs. Rodriguez,November 10 2018,"Denver, Colorado, USA",13,2018-11-10,0
137,http://ufcstats.com/event-details/20821819c401ced8,UFC 230: Cormier vs. Lewis,November 03 2018,"New York City, New York, USA",13,2018-11-03,0
138,http://ufcstats.com/event-details/33a331684283900f,UFC Fight Night: Oezdemir vs. Smith,October 27 2018,"Moncton, New Brunswick, Canada",13,2018-10-27,0
139,http://ufcstats.com/event-details/1ef0eae31904e534,UFC 229: Khabib vs. McGregor,October 06 2018,"Las Vegas, Nevada, USA",12,2018-10-06,0
140,http://ufcstats.com/event-details/852454c572675334,UFC Fight Night: Marreta vs. Anders,September 22 2018,"Sao Paulo, Sao Paulo, Brazil",15,2018-09-22,0
141,http://ufcstats.com/event-details/8d49545dadf9b919,UFC Fight Night: Hunt vs. Oleinik,September 15 2018,"Moscow, Moscow, Russia",12,2018-09-15,0
142,http://ufcstats.com/event-details/d5ae8074631762fc,UFC 228: Woodley vs. Till,September 08 2018,"Dallas, Texas, USA",13,2018-09-08,0
143,http://ufcstats.com/event-details/c0342805a1948cbb,UFC Fight Night: Gaethje vs. Vick,August 25 2018,"Lincoln, Nebraska, USA",13,2018-08-25,0
144,http://ufcstats.com/event-details/03b1e846b09f721d,UFC 227: Dillashaw vs. Garbrandt 2,August 04 2018,"Los Angeles, California, USA",12,2018-08-04,0
145,http://ufcstats.com/event-details/322a56923b396b4d,UFC Fight Night: Alvarez vs. Poirier 2,July 28 2018,"Calgary, Alberta, Canada",13,2018-07-28,0
146,http://ufcstats.com/event-details/4f732e58ed907eff,UFC Fight Night: Shogun vs. Smith,July 22 2018,"Hamburg, Hamburg, Germany",13,2018-07-22,0
147,http://ufcstats.com/event-details/b45d6b73f4ca4467,UFC Fight Night: Dos Santos vs. Ivanov,July 14 2018,"Boise, Idaho, USA",13,2018-07-14,0
148,http://ufcstats.com/event-details/35585d970300d45a,UFC 226: Miocic vs. Cormier,July 07 2018,"Las Vegas, Nevada, USA",11,2018-07-07,0
149,http://ufcstats.com/event-details/8215e4fe24e8e81b,The Ultimate Fighter: Undefeated Finale,July 06 2018,"Las Vegas, Nevada, USA",12,2018-07-06,0
150,http://ufcstats.com/event-details/ac5f67109accb482,UFC Fight Night: Cowboy vs. Edwards,June 23 2018,"Kallang, Singapore",13,2018-06-23,0
151,http://ufcstats.com/event-details/2eae41f61776c60f,UFC 225: Whittaker vs. Romero 2,June 09 2018,"Chicago, Illinois, USA",14,2018-06-09,0
152,http://ufcstats.com/event-details/d29b5c4f22c6357d,UFC Fight Night: Rivera vs. Moraes,June 01 2018,"Utica, New York, USA",12,2018-06-01,0
153,http://ufcstats.com/event-details/f5990c11974d8e9c,UFC Fight Night: Thompson vs. Till,May 27 2018,"Liverpool, England, United Kingdom",11,2018-05-27,0
154,http://ufcstats.com/event-details/3144121470023e9a,UFC Fight Night: Maia vs. Usman,May 19 2018,"Santiago, Chile",13,2018-05-19,0
155,http://ufcstats.com/event-details/67ec58d7cf599835,UFC 224: Nunes vs. Pennington,May 12 2018,"Rio de Janeiro, Rio de Janeiro, Brazil",13,2018-05-12,0
156,http://ufcstats.com/event-details/ad99fa5325519169,UFC Fight Night: Barboza vs. Lee,April 21 2018,"Atlantic City, New Jersey, USA",11,2018-04-21,0
157,http://ufcstats.com/event-details/620be7e0712d431b,UFC Fight Night: Poirier vs. Gaethje,April 14 2018,"Glendale, Arizona, USA",14,2018-04-14,0
158,http://ufcstats.com/event-details/49e7e05f902479ca,UFC 223: Khabib vs. Iaquinta,April 07 2018,"Brooklyn, New York, USA",9,2018-04-07,0
159,http://ufcstats.com/event-details/eed2b71d77d95416,UFC Fight Night: Werdum vs. Volkov,March 17 2018,"London, England, United Kingdom",10,2018-03-17,0
160,http://ufcstats.com/event-details/7929be8290289a47,UFC 222: Cyborg vs. Kunitskaya,March 03 2018,"Las Vegas, Nevada, USA",12,2018-03-03,0
161,http://ufcstats.com/event-details/daa89f01e1c0f42a,UFC Fight Night: Emmett vs. Stephens,February 24 2018,"Orlando, Florida, USA",12,2018-02-24,0
162,http://ufcstats.com/event-details/d181689653115b6a,UFC Fight Night: Cerrone vs. Medeiros,February 18 2018,"Austin, Texas, USA",12,2018-02-18,0
163,http://ufcstats.com/event-details/15515e797aedc137,UFC 221: Romero vs. Rockhold,February 10 2018,"Perth, Western Australia, Australia",12,2018-02-10,0
164,http://ufcstats.com/event-details/7cf20446453f852b,UFC Fight Night: Machida vs. Anders,February 03 2018,"Belem, Para, Brazil",11,2018-02-03,0
165,http://ufcstats.com/event-details/602bb270f2bdbf02,UFC Fight Night: Jacare vs. Brunson 2,January 27 2018,"Charlotte, North Carolina, USA",12,2018-01-27,0
166,http://ufcstats.com/event-details/02177caefe7c07d4,UFC 220: Miocic vs. Ngannou,January 20 2018,"Boston, Massachusetts, USA",11,2018-01-20,0
167,http://ufcstats.com/event-details/fc1868f56d3036eb,UFC Fight Night: Stephens vs. Choi,January 14 2018,"St. Louis, Missouri, USA",11,2018-01-14,0
168,http://ufcstats.com/event-details/04076783ca83d6ae,UFC 219: Cyborg vs. Holm,December 30 2017,"Las Vegas, Nevada, USA",12,2017-12-30,0
169,http://ufcstats.com/event-details/eaa0a728cc91ef60,UFC Fight Night: Lawler vs. Dos Anjos,December 16 2017,"Winnipeg, Manitoba, Canada",11,2017-12-16,0
170,http://ufcstats.com/event-details/bcd124bcd3d5be46,UFC Fight Night: Swanson vs. Ortega,December 09 2017,"Fresno, California, USA",13,2017-12-09,0
171,http://ufcstats.com/event-details/9e30f69cc0869301,UFC 218: Holloway vs. Aldo 2,December 02 2017,"Detroit, Michigan, USA",13,2017-12-02,0
172,http://ufcstats.com/event-details/30e8b4505f5ccf92,The Ultimate Fighter: A New World Champion Finale,December 01 2017,"Las Vegas, Nevada, USA",12,2017-12-01,0
173,http://ufcstats.com/event-details/e7bc606d269896aa,UFC Fight Night: Bisping vs. Gastelum,November 25 2017,"Shanghai, Hebei, China",12,2017-11-25,0
174,http://ufcstats.com/event-details/caced97768818230,UFC Fight Night: Werdum vs. Tybura,November 18 2017,"Sydney, New South Wales, Australia",13,2017-11-18,0
175,http://ufcstats.com/event-details/d856a0080ac09ed7,UFC Fight Night: Poirier vs. Pettis,November 11 2017,"Norfolk, Virginia, USA",13,2017-11-11,0
176,http://ufcstats.com/event-details/a25b71fe5e31fa97,UFC 217: Bisping vs. St-Pierre,November 04 2017,"New York City, New York, USA",11,2017-11-04,0
177,http://ufcstats.com/event-details/a7724f51e32e763e,UFC Fight Night: Brunson vs. Machida,October 28 2017,"Sao Paulo, Sao Paulo, Brazil",12,2017-10-28,0
178,http://ufcstats.com/event-details/d6b68eaf4b68b160,UFC Fight Night: Cerrone vs. Till,October 21 2017,"Gdansk, Poland",11,2017-10-21,0
179,http://ufcstats.com/event-details/cc5834a495d1ea08,UFC 216: Ferguson vs. Lee,October 07 2017,"Las Vegas, Nevada, USA",13,2017-10-07,0
180,http://ufcstats.com/event-details/9211aae062b799d6,UFC Fight Night: Saint Preux vs. Okami,September 22 2017,"Saitama, Saitama, Japan",10,2017-09-22,0
181,http://ufcstats.com/event-details/1979c80150f630c4,UFC Fight Night: Rockhold vs. Branch,September 16 2017,"Pittsburgh, Pennsylvania, USA",10,2017-09-16,0
182,http://ufcstats.com/event-details/d86e913c548c07c2,UFC 215: Nunes vs Shevchenko 2,September 09 2017,"Edmonton, Alberta, Canada",11,2017-09-09,0
183,http://ufcstats.com/event-details/a3244e3238541482,UFC Fight Night: Volkov vs. Struve,September 02 2017,"Rotterdam, Zuid-Holland, Netherlands",12,2017-09-02,0
184,http://ufcstats.com/event-details/f4a031ac205ac580,UFC Fight Night: Pettis vs. Moreno,August 05 2017,"Mexico City, Distrito Federal, Mexico",12,2017-08-05,0
185,http://ufcstats.com/event-details/ff9578cdbfabd323,UFC 214: Cormier vs. Jones 2,July 29 2017,"Anaheim, California, USA",13,2017-07-29,0
186,http://ufcstats.com/event-details/9f3d6ddef3d3cccc,UFC Fight Night: Weidman vs. Gastelum,July 22 2017,"Uniondale, New York, USA",13,2017-07-22,0
187,http://ufcstats.com/event-details/d7907a9a968e4d29,UFC Fight Night: Nelson vs. Ponzinibbio,July 16 2017,"Glasgow, Scotland, United Kingdom",12,2017-07-16,0
188,http://ufcstats.com/event-details/686cccbf1a4de453,UFC 213: Romero vs. Whittaker,July 08 2017,"Las Vegas, Nevada, USA",11,2017-07-08,0
189,http://ufcstats.com/event-details/23bd78c3f89bdb54,The Ultimate Fighter: Redemption Finale,July 07 2017,"Las Vegas, Nevada, USA",11,2017-07-07,0
190,http://ufcstats.com/event-details/99bf06f20491cb54,UFC Fight Night: Chiesa vs. Lee,June 25 2017,"Oklahoma City, Oklahoma, USA",13,2017-06-25,0
191,http://ufcstats.com/event-details/353de740bb6c7e75,UFC Fight Night: Holm vs. Correia,June 17 2017,"Kallang, Singapore",12,2017-06-17,0
192,http://ufcstats.com/event-details/90e7447d8b7f3f35,UFC Fight Night: Lewis vs. Hunt,June 10 2017,"Auckland, New Zealand",11,2017-06-10,0
193,http://ufcstats.com/event-details/1507214bbc7a79e2,UFC 212: Aldo vs. Holloway,June 03 2017,"Rio de Janeiro, Rio de Janeiro, Brazil",12,2017-06-03,0
194,http://ufcstats.com/event-details/1c7cce2f5c17160d,UFC Fight Night: Gustafsson vs. Teixeira,May 28 2017,"Stockholm, Sweden",12,2017-05-28,0
195,http://ufcstats.com/event-details/5df10509264586e5,UFC 211: Miocic vs. Dos Santos,May 13 2017,"Dallas, Texas, USA",13,2017-05-13,0
196,http://ufcstats.com/event-details/bc7f7f0ba3db74d2,UFC Fight Night: Swanson vs. Lobov,April 22 2017,"Nashville, Tennessee, USA",13,2017-04-22,0
197,http://ufcstats.com/event-details/ed069a95aaaf4f56,UFC on FOX: Johnson vs. Reis,April 15 2017,"Kansas City, Missouri, USA",13,2017-04-15,0
198,http://ufcstats.com/event-details/e7bfdb5e0112891e,UFC 210: Cormier vs. Johnson 2,April 08 2017,"Buffalo, New York, USA",13,2017-04-08,0
199,http://ufcstats.com/event-details/c0231720fe516994,UFC Fight Night: Manuwa vs. Anderson,March 18 2017,"London, England, United Kingdom",11,2017-03-18,0
200,http://ufcstats.com/event-details/47b7e4e60813b7b2,UFC Fight Night: Belfort vs. Gastelum,March 11 2017,"Fortaleza, Ceara, Brazil",14,2017-03-11,0
201,http://ufcstats.com/event-details/20e403a1acfef130,UFC 209: Woodley vs. Thompson 2,March 04 2017,"Las Vegas, Nevada, USA",11,2017-03-04,0
202,http://ufcstats.com/event-details/b4ad3a06ee4d660c,UFC Fight Night: Lewis vs. Browne,February 19 2017,"Halifax, Nova Scotia, Canada",11,2017-02-19,0
203,http://ufcstats.com/event-details/865aa315ea62c511,UFC 208: Holm vs. De Randamie,February 11 2017,"Brooklyn, New York, USA",10,2017-02-11,0
204,http://ufcstats.com/event-details/6a8a06b542e1516d,UFC Fight Night: Bermudez vs. The Korean Zombie,February 04 2017,"Houston, Texas, USA",14,2017-02-04,0
205,http://ufcstats.com/event-details/4512e46543b960ad,UFC on FOX: Shevchenko vs. Pena,January 28 2017,"Denver, Colorado, USA",12,2017-01-28,0
206,http://ufcstats.com/event-details/46effbd1135423c5,UFC Fight Night: Rodriguez vs. Penn,January 15 2017,"Phoenix, Arizona, USA",12,2017-01-15,0
207,http://ufcstats.com/event-details/4b2390cfaceb91d8,UFC 207: Nunes vs. Rousey,December 30 2016,"Las Vegas, Nevada, USA",11,2016-12-30,0
208,http://ufcstats.com/event-details/32541eb5d12668b4,UFC on FOX: VanZant vs. Waterson,December 17 2016,"Sacramento, California, USA",13,2016-12-17,0
209,http://ufcstats.com/event-details/6e3282d57d2467a0,UFC 206: Holloway vs. Pettis,December 10 2016,"Toronto, Ontario, Canada",12,2016-12-10,0
210,http://ufcstats.com/event-details/7139cd2ae4bf6a29,UFC Fight Night: Lewis vs. Abdurakhimov,December 09 2016,"Albany, New York, USA",12,2016-12-09,0
211,http://ufcstats.com/event-details/bd4389b71fdc0ce2,The Ultimate Fighter: Tournament of Champions Finale,December 03 2016,"Las Vegas, Nevada, USA",12,2016-12-03,0
212,http://ufcstats.com/event-details/73e09f837f3b5ecc,UFC Fight Night: Whittaker vs. Brunson,November 26 2016,"Melbourne, Victoria, Australia",13,2016-11-26,0
213,http://ufcstats.com/event-details/5cde96e0a1a1fffe,UFC Fight Night: Bader vs. Nogueira,November 19 2016,"Sao Paulo, Sao Paulo, Brazil",13,2016-11-19,0
214,http://ufcstats.com/event-details/6810d8d2dd557cf9,UFC Fight Night: Mousasi vs. Hall 2,November 19 2016,"Belfast, Northern Ireland, United Kingdom",13,2016-11-19,0
215,http://ufcstats.com/event-details/4956f60b7fa57c1a,UFC 205: Alvarez vs McGregor,November 12 2016,"New York City, New York, USA",12,2016-11-12,0
216,http://ufcstats.com/event-details/6083f497c22cc075,UFC Fight Night: Dos Anjos vs. Ferguson,November 05 2016,"Mexico City, Distrito Federal, Mexico",13,2016-11-05,0
217,http://ufcstats.com/event-details/154a6b3ffae264cd,UFC 204: Bisping vs. Henderson,October 08 2016,"Manchester, England, United Kingdom",11,2016-10-08,0
218,http://ufcstats.com/event-details/a196332ee4aa8a82,UFC Fight Night: Lineker vs. Dodson,October 01 2016,"Portland, Oregon, USA",12,2016-10-01,0
219,http://ufcstats.com/event-details/e18012194473e8b0,UFC Fight Night: Cyborg vs. Lansberg,September 24 2016,"Brasilia, Distrito Federal, Brazil",13,2016-09-24,0
220,http://ufcstats.com/event-details/d6455cb4bee503ce,UFC Fight Night: Poirier vs. Johnson,September 17 2016,"Hidalgo, Texas, USA",13,2016-09-17,0
221,http://ufcstats.com/event-details/2dc7f1762dc0a7ef,UFC 203: Miocic vs. Overeem,September 10 2016,"Cleveland, Ohio, USA",10,2016-09-10,0
222,http://ufcstats.com/event-details/2b4faacc16d66898,UFC Fight Night: Arlovski vs. Barnett,September 03 2016,"Hamburg, Hamburg, Germany",12,2016-09-03,0
223,http://ufcstats.com/event-details/cfbccfed4e4796fe,UFC on FOX: Maia vs. Condit,August 27 2016,"Vancouver, British Columbia, Canada",10,2016-08-27,0
224,http://ufcstats.com/event-details/5da4e8dc02e50ac0,UFC 202: Diaz vs. McGregor 2,August 20 2016,"Las Vegas, Nevada, USA",12,2016-08-20,0
225,http://ufcstats.com/event-details/232c582f29f8f65e,UFC Fight Night: Rodriguez vs. Caceres,August 06 2016,"Salt Lake City, Utah, USA",12,2016-08-06,0
226,http://ufcstats.com/event-details/72cbe507644a587c,UFC 201: Lawler vs. Woodley,July 30 2016,"Atlanta, Georgia, USA",12,2016-07-30,0
227,http://ufcstats.com/event-details/8a028648f3f0761d,UFC on FOX: Holm vs. Shevchenko,July 23 2016,"Chicago, Illinois, USA",11,2016-07-23,0
228,http://ufcstats.com/event-details/5e7a28f20927d64a,UFC Fight Night: McDonald vs. Lineker,July 13 2016,"Sioux Falls, South Dakota, USA",12,2016-07-13,0
229,http://ufcstats.com/event-details/aa5b4eff51bdc7d1,UFC 200: Tate vs Nunes,July 09 2016,"Las Vegas, Nevada, USA",13,2016-07-09,0
230,http://ufcstats.com/event-details/cd42bbe8887bba90,The Ultimate Fighter: Team Joanna vs. Team Cláudia Finale,July 08 2016,"Las Vegas, Nevada, USA",12,2016-07-08,0
231,http://ufcstats.com/event-details/45a2ba3ef82b9700,UFC Fight Night: Dos Anjos vs. Alvarez,July 07 2016,"Las Vegas, Nevada, USA",12,2016-07-07,0
232,http://ufcstats.com/event-details/563d051c9e769b24,UFC Fight Night: MacDonald vs Thompson,June 18 2016,"Ottawa, Ontario, Canada",13,2016-06-18,0
233,http://ufcstats.com/event-details/ff4c3ab594c7fac3,UFC 199: Rockhold vs. Bisping 2,June 04 2016,"Los Angeles, California, USA",14,2016-06-04,0
234,http://ufcstats.com/event-details/990060b2a68a7b82,UFC Fight Night: Almeida vs Garbrandt,May 29 2016,"Las Vegas, Nevada, USA",12,2016-05-29,0
235,http://ufcstats.com/event-details/a4bf17bd3ba3423b,UFC 198: Werdum vs Miocic,May 14 2016,"Curitiba, Parana, Brazil",13,2016-05-14,0
236,http://ufcstats.com/event-details/a314687f372b2cec,UFC Fight Night: Overeem vs Arlovski,May 08 2016,"Rotterdam, Zuid-Holland, Netherlands",13,2016-05-08,0
237,http://ufcstats.com/event-details/3d481aa374c954a1,UFC 197: Jones vs Saint Preux,April 23 2016,"Las Vegas, Nevada, USA",12,2016-04-23,0
238,http://ufcstats.com/event-details/e7e970d508529bf3,UFC on FOX: Teixeira vs Evans,April 16 2016,"Tampa, Florida, USA",11,2016-04-16,0
239,http://ufcstats.com/event-details/4887e5bc4dbb73ff,UFC Fight Night: Rothwell vs Dos Santos,April 10 2016,"Zagreb, Croatia",13,2016-04-10,0
240,http://ufcstats.com/event-details/e60201cfab7d656d,UFC Fight Night: Hunt vs Mir,March 19 2016,"Brisbane, Queensland, Australia",12,2016-03-19,0
241,http://ufcstats.com/event-details/db1f2ed63b54b9a7,UFC 196: McGregor vs Diaz,March 05 2016,"Las Vegas, Nevada, USA",12,2016-03-05,0
242,http://ufcstats.com/event-details/39c568f8c579913e,UFC Fight Night: Silva vs Bisping,February 27 2016,"London, England, United Kingdom",13,2016-02-27,0
243,http://ufcstats.com/event-details/d56bb6dff2ae77eb,UFC Fight Night: Cowboy vs Cowboy,February 21 2016,"Pittsburgh, Pennsylvania, USA",13,2016-02-21,0
244,http://ufcstats.com/event-details/de99da2c0d18d34a,UFC Fight Night: Hendricks vs Thompson,February 06 2016,"Las Vegas, Nevada, USA",12,2016-02-06,0
245,http://ufcstats.com/event-details/b3fb8d2293e17a59,UFC on FOX: Johnson vs. Bader,January 30 2016,"Newark, New Jersey, USA",14,2016-01-30,0
246,http://ufcstats.com/event-details/c6becb722706c7d8,UFC Fight Night: Dillashaw vs Cruz,January 17 2016,"Boston, Massachusetts, USA",13,2016-01-17,0
247,http://ufcstats.com/event-details/380e8b023290d091,UFC 195: Lawler vs Condit,January 02 2016,"Las Vegas, Nevada, USA",12,2016-01-02,0
248,http://ufcstats.com/event-details/80d918336163b80c,UFC on FOX: Dos Anjos vs. Cowboy 2,December 19 2015,"Orlando, Florida, USA",14,2015-12-19,0
249,http://ufcstats.com/event-details/354808cf38d9d73c,UFC 194: Aldo vs McGregor,December 12 2015,"Las Vegas, Nevada, USA",12,2015-12-12,0
250,http://ufcstats.com/event-details/20fbff570c678e1c,The Ultimate Fighter: Team McGregor vs. Team Faber Finale,December 11 2015,"Las Vegas, Nevada, USA",10,2015-12-11,0
251,http://ufcstats.com/event-details/dd39f1ca787a3d9d,UFC Fight Night: Namajunas vs. VanZant,December 10 2015,"Las Vegas, Nevada, USA",13,2015-12-10,0
252,http://ufcstats.com/event-details/4d636c3aa1105950,UFC Fight Night: Henderson vs Masvidal,November 28 2015,"Seoul, South Korea",11,2015-11-28,0
253,http://ufcstats.com/event-details/243b07fc65ccbb16,UFC Fight Night: Magny vs Gastelum,November 21 2015,"Monterrey, Nuevo Leon, Mexico",13,2015-11-21,0
254,http://ufcstats.com/event-details/8d04923f2db59b7f,UFC 193: Rousey vs Holm,November 14 2015,"Melbourne, Victoria, Australia",13,2015-11-14,0
255,http://ufcstats.com/event-details/5345f86680378fc1,UFC Fight Night: Belfort vs Henderson 3,November 07 2015,"Sao Paulo, Sao Paulo, Brazil",13,2015-11-07,0
256,http://ufcstats.com/event-details/f3155a94ca420126,UFC Fight Night: Holohan vs Smolka,October 24 2015,"Dublin, Leinster, Ireland",11,2015-10-24,0
257,http://ufcstats.com/event-details/119ebea97e914dcf,UFC 192: Cormier vs Gustafsson,October 03 2015,"Houston, Texas, USA",12,2015-10-03,0
258,http://ufcstats.com/event-details/a4dd5c9a75763295,UFC Fight Night: Barnett vs Nelson,September 26 2015,"Saitama, Japan",11,2015-09-26,0
259,http://ufcstats.com/event-details/82f5c81f4e3c3eb5,UFC 191: Johnson vs Dodson 2,September 05 2015,"Las Vegas, Nevada, USA",11,2015-09-05,0
260,http://ufcstats.com/event-details/2ce6541127b0e232,UFC Fight Night: Holloway vs Oliveira,August 23 2015,"Saskatoon, Saskatchewan, Canada",12,2015-08-23,0
261,http://ufcstats.com/event-details/b71667c778b6d9e5,UFC Fight Night: Teixeira vs Saint Preux,August 08 2015,"Nashville, Tennessee, USA",13,2015-08-08,0
262,http://ufcstats.com/event-details/a9c45a8b21eabadc,UFC 190: Rousey vs Correia,August 01 2015,"Rio de Janeiro, Rio de Janeiro, Brazil",13,2015-08-01,0
263,http://ufcstats.com/event-details/0c3838c8f7c620c2,UFC on FOX: Dillashaw vs. Barao II,July 25 2015,"Chicago, Illinois, USA",12,2015-07-25,0
264,http://ufcstats.com/event-details/ef7fa30364cbe7f2,UFC Fight Night: Bisping vs Leites,July 18 2015,"Glasgow, Scotland, United Kingdom",12,2015-07-18,0
265,http://ufcstats.com/event-details/36877f0e62b25b96,UFC Fight Night: Mir vs Duffee,July 15 2015,"San Diego, California, USA",12,2015-07-15,0
266,http://ufcstats.com/event-details/a890f9a791ed615d,The Ultimate Fighter: American Top Team vs. Blackzilians Finale,July 12 2015,"Las Vegas, Nevada, USA",11,2015-07-12,0
267,http://ufcstats.com/event-details/3be081c29bf734d9,UFC 189: Mendes vs McGregor,July 11 2015,"Las Vegas, Nevada, USA",11,2015-07-11,0
268,http://ufcstats.com/event-details/86e388ed20761ad9,UFC Fight Night: Machida vs Romero,June 27 2015,"Hollywood, Florida, USA",9,2015-06-27,0
269,http://ufcstats.com/event-details/194fc025f9355db6,UFC Fight Night: Jedrzejczyk vs Penne,June 20 2015,"Berlin, Berlin, Germany",11,2015-06-20,0
270,http://ufcstats.com/event-details/a58114c6dd0add64,UFC 188: Velasquez vs Werdum,June 13 2015,"Mexico City, Distrito Federal, Mexico",11,2015-06-13,0
271,http://ufcstats.com/event-details/06dc1a58663579d2,UFC Fight Night: Boetsch vs Henderson,June 06 2015,"New Orleans, Louisiana, USA",12,2015-06-06,0
272,http://ufcstats.com/event-details/aae0897825336b1a,UFC Fight Night: Condit vs Alves,May 30 2015,"Goiania, Goias, Brazil",13,2015-05-30,0
273,http://ufcstats.com/event-details/4f7e290e71d60f87,UFC 187: Johnson vs Cormier,May 23 2015,"Las Vegas, Nevada, USA",11,2015-05-23,0
274,http://ufcstats.com/event-details/b1605ea39fba6af6,UFC Fight Night: Edgar vs Faber,May 16 2015,"Manila, Philippines",12,2015-05-16,0
275,http://ufcstats.com/event-details/8a1b4330c7957961,UFC Fight Night: Miocic vs Hunt,May 09 2015,"Adelaide, South Australia, Australia",12,2015-05-09,0
276,http://ufcstats.com/event-details/997b4f52f76a0b53,UFC 186: Johnson vs Horiguchi,April 25 2015,"Montreal, Quebec, Canada",12,2015-04-25,0
277,http://ufcstats.com/event-details/bc7cf284c1c2f16e,UFC on FOX: Machida vs Rockhold,April 18 2015,"Newark, New Jersey, USA",11,2015-04-18,0
278,http://ufcstats.com/event-details/5de61b03868035ff,UFC Fight Night: Gonzaga vs Cro Cop 2,April 11 2015,"Krakow, Poland",12,2015-04-11,0
279,http://ufcstats.com/event-details/16d09e800ad7ec79,UFC Fight Night: Mendes vs Lamas,April 04 2015,"Fairfax, Virginia, USA",10,2015-04-04,0
280,http://ufcstats.com/event-details/fa534853eb195270,UFC Fight Night: Maia vs LaFlare,March 21 2015,"Rio de Janeiro, Brazil",13,2015-03-21,0
281,http://ufcstats.com/event-details/f54200f1dfb9b5d4,UFC 185: Pettis vs Dos Anjos,March 14 2015,"Dallas, Texas, USA",12,2015-03-14,0
282,http://ufcstats.com/event-details/ad4e9055bf8cd04d,UFC 184: Rousey vs Zingano,February 28 2015,"Los Angeles, California, USA",12,2015-02-28,0
283,http://ufcstats.com/event-details/0577808d22dfe79c,UFC Fight Night: Bigfoot vs Mir,February 22 2015,"Porto Alegre, Rio Grande do Sul, Brazil",11,2015-02-22,0
284,http://ufcstats.com/event-details/f9c7fe2682af3802,UFC Fight Night: Henderson vs Thatch,February 14 2015,"Broomfield, Colorado, USA",10,2015-02-14,0
285,http://ufcstats.com/event-details/43563a32c3f10e95,UFC 183: Silva vs Diaz,January 31 2015,"Las Vegas, Nevada, USA",12,2015-01-31,0
286,http://ufcstats.com/event-details/706404da0775dcbc,UFC on FOX: Gustafsson vs Johnson,January 24 2015,"Stockholm, Sweden",12,2015-01-24,0
287,http://ufcstats.com/event-details/f9aa6376ae16bfb4,UFC Fight Night: McGregor vs Siver,January 18 2015,"Boston, Massachusetts, USA",12,2015-01-18,0
288,http://ufcstats.com/event-details/a72d260b436924c4,UFC 182: Jones vs Cormier,January 03 2015,"Las Vegas, Nevada, USA",12,2015-01-03,0
289,http://ufcstats.com/event-details/4e5bbc4566049cbf,UFC Fight Night: Machida vs Dollaway,December 20 2014,"Barueri, Sao Paulo, Brazil",12,2014-12-20,0
290,http://ufcstats.com/event-details/d4a12dfa4067742f,UFC on FOX: Dos Santos vs Miocic,December 13 2014,"Phoenix, Arizona, USA",12,2014-12-13,0
291,http://ufcstats.com/event-details/222d6b547de2e035,The Ultimate Fighter: A Champion Will Be Crowned Finale,December 12 2014,"Las Vegas, Nevada, USA",12,2014-12-12,0
292,http://ufcstats.com/event-details/dfdd0c5dd0d4bc23,UFC 181: Hendricks vs Lawler II,December 06 2014,"Las Vegas, Nevada, USA",11,2014-12-06,0
293,http://ufcstats.com/event-details/155a02a8b4311057,UFC Fight Night: Edgar vs Swanson,November 22 2014,"Austin, Texas, USA",12,2014-11-22,0
294,http://ufcstats.com/event-details/59851163aaf1aed8,UFC 180: Werdum vs Hunt,November 15 2014,"Mexico City, Distrito Federal, Mexico",11,2014-11-15,0
295,http://ufcstats.com/event-details/6ca68b636fbc1f18,UFC Fight Night 56: Shogun vs Saint Preux,November 08 2014,"Uberlandia, Minas Gerais, Brazil",10,2014-11-08,0
296,http://ufcstats.com/event-details/371a1c91b24dec2b,UFC Fight Night: Rockhold vs Bisping,November 07 2014,"Sydney, New South Wales, Australia",11,2014-11-07,0
297,http://ufcstats.com/event-details/53f02bbc41d99432,UFC 179: Aldo vs Mendes 2,October 25 2014,"Rio de Janeiro, Brazil",11,2014-10-25,0
298,http://ufcstats.com/event-details/0313bf497de9c470,UFC Fight Night: MacDonald vs Saffiedine,October 04 2014,"Halifax, Nova Scotia, Canada",13,2014-10-04,0
299,http://ufcstats.com/event-details/8dc4f34c1f50d00d,UFC Fight Night: Nelson vs Story,October 04 2014,"Stockholm, Sweden",11,2014-10-04,0
300,http://ufcstats.com/event-details/3bb030257966b022,UFC 178: Johnson vs Cariaso,September 27 2014,"Las Vegas, Nevada, USA",11,2014-09-27,0
301,http://ufcstats.com/event-details/2dea80c069847321,UFC Fight Night: Hunt vs Nelson,September 20 2014,"Saitama, Japan",12,2014-09-20,0
302,http://ufcstats.com/event-details/a71feb7ea7592a71,UFC Fight Night: Bigfoot vs Arlovski,September 13 2014,"Brasilia, Distrito Federal, Brazil",11,2014-09-13,0
303,http://ufcstats.com/event-details/9bcfb40dbcd50568,UFC Fight Night: Jacare vs Mousasi,September 05 2014,"Ledyard, Connecticut, USA",9,2014-09-05,0
304,http://ufcstats.com/event-details/269d103c96a4c3a5,UFC 177: Dillashaw vs Soto,August 30 2014,"Sacramento, California, USA",8,2014-08-30,0
305,http://ufcstats.com/event-details/063649e21bc9d6d5,UFC Fight Night: Henderson vs Dos Anjos,August 23 2014,"Tulsa, Oklahoma, USA",11,2014-08-23,0
306,http://ufcstats.com/event-details/770b9d4813c25902,UFC Fight Night: Bisping vs Le,August 23 2014,"Macau, China",10,2014-08-23,0
307,http://ufcstats.com/event-details/fd7acf42bd6e7e95,UFC Fight Night: Bader vs Saint Preux,August 16 2014,"Bangor, Maine, USA",10,2014-08-16,0
308,http://ufcstats.com/event-details/05fbfe628658c538,UFC on FOX: Lawler vs Brown,July 26 2014,"San Jose, California, USA",13,2014-07-26,0
309,http://ufcstats.com/event-details/073eee4e62f0d988,UFC Fight Night: McGregor vs Brandao,July 19 2014,"Dublin, Leinster, Ireland",10,2014-07-19,0
310,http://ufcstats.com/event-details/79ded75550efc139,UFC Fight Night: Cowboy vs Miller,July 16 2014,"Atlantic City, New Jersey, USA",11,2014-07-16,0
311,http://ufcstats.com/event-details/1c5879330d42255f,The Ultimate Fighter: Team Edgar vs. Team Penn Finale,July 06 2014,"Las Vegas, Nevada, USA",12,2014-07-06,0
312,http://ufcstats.com/event-details/53adf5b845d91e4a,UFC 175: Weidman vs Machida,July 05 2014,"Las Vegas, Nevada, USA",11,2014-07-05,0
314,http://ufcstats.com/event-details/ac9521250dc1a14c,UFC Fight Night: Te Huna vs Marquardt,June 28 2014,"Auckland, New Zealand",10,2014-06-28,0
313,http://ufcstats.com/event-details/c0ed7b208197e8de,UFC Fight Night: Swanson vs Stephens,June 28 2014,"San Antonio, Texas, USA",11,2014-06-28,0
315,http://ufcstats.com/event-details/5b5307450405abf0,UFC 174: Johnson vs Bagautinov,June 14 2014,"Vancouver, British Columbia, Canada",11,2014-06-14,0
316,http://ufcstats.com/event-details/1fcfc3709fe58151,UFC Fight Night: Henderson vs Khabilov,June 07 2014,"Albuquerque, New Mexico, USA",11,2014-06-07,0
318,http://ufcstats.com/event-details/b757c73f443d4fca,UFC Fight Night: Munoz vs Mousasi,May 31 2014,"Berlin, Germany",10,2014-05-31,0
317,http://ufcstats.com/event-details/59aaf2730b84698a,UFC Fight Night: Miocic vs Maldonado,May 31 2014,"Sao Paulo, Brazil",12,2014-05-31,0
319,http://ufcstats.com/event-details/9ca265dfe8323db3,UFC 173: Barao vs Dillashaw,May 24 2014,"Las Vegas, Nevada, USA",12,2014-05-24,0
320,http://ufcstats.com/event-details/579fcdfcabd23a7b,UFC Fight Night: Brown vs Silva,May 10 2014,"Cincinnati, Ohio, USA",13,2014-05-10,0
321,http://ufcstats.com/event-details/4f2fcbefb668689d,UFC 172: Jones vs Teixeira,April 26 2014,"Baltimore, Maryland, USA",10,2014-04-26,0
322,http://ufcstats.com/event-details/a421465acbe59c77,UFC on FOX: Werdum vs Browne,April 19 2014,"Orlando, Florida, USA",13,2014-04-19,0
323,http://ufcstats.com/event-details/f9f07bb5a43535ed,UFC Fight Night: Bisping vs Kennedy,April 16 2014,"Quebec City, Quebec, Canada",13,2014-04-16,0
324,http://ufcstats.com/event-details/d632d156c0549e07,UFC Fight Night: Minotauro vs Nelson,April 11 2014,"Abu Dhabi, United Arab Emirates",9,2014-04-11,0
325,http://ufcstats.com/event-details/d5f820c11a121050,UFC Fight Night: Shogun vs Henderson 2,March 23 2014,"Natal, Rio Grande do Norte, Brazil",12,2014-03-23,0
326,http://ufcstats.com/event-details/179f1948dc234f1f,UFC 171: Hendricks vs Lawler,March 15 2014,"Dallas, Texas, USA",13,2014-03-15,0
327,http://ufcstats.com/event-details/ebc1f40e00e0c481,UFC Fight Night: Gustafsson vs Manuwa,March 08 2014,"London, England, United Kingdom",10,2014-03-08,0
328,http://ufcstats.com/event-details/a26198ba5093147e,UFC Fight Night: Kim vs Hathaway,March 01 2014,"Macau, China",8,2014-03-01,0
329,http://ufcstats.com/event-details/3138fab619faf4d1,UFC 170: Rousey vs McMann,February 22 2014,"Las Vegas, Nevada, USA",11,2014-02-22,0
330,http://ufcstats.com/event-details/51b0bb73a1da34bc,UFC Fight Night: Machida vs Mousasi,February 15 2014,"Jaragua do Sul, Santa Catarina, Brazil",12,2014-02-15,0
331,http://ufcstats.com/event-details/fc31f896cde2bc2e,UFC 169: Barao vs Faber 2,February 01 2014,"Newark, New Jersey, USA",12,2014-02-01,0
332,http://ufcstats.com/event-details/a8d521d913df4e31,UFC on FOX: Henderson vs Thomson,January 25 2014,"Chicago, Illinois, USA",12,2014-01-25,0
333,http://ufcstats.com/event-details/30a09e43f15f1d75,UFC Fight Night: Rockhold vs Philippou,January 15 2014,"Duluth, Georgia, USA",12,2014-01-15,0
334,http://ufcstats.com/event-details/e5c9de15bb58b1c6,UFC Fight Night: Saffiedine vs Lim,January 04 2014,"Singapore, Singapore",10,2014-01-04,0
335,http://ufcstats.com/event-details/83d0de122f2f9664,UFC 168: Weidman vs Silva 2,December 28 2013,"Las Vegas, Nevada, USA",12,2013-12-28,0
336,http://ufcstats.com/event-details/480b702debcb5433,UFC on FOX: Johnson vs. Benavidez 2,December 14 2013,"Sacramento, California, USA",11,2013-12-14,0
337,http://ufcstats.com/event-details/ee457ef1e1c326c1,UFC Fight Night: Hunt vs Bigfoot,December 06 2013,"Brisbane, Queensland, Australia",12,2013-12-06,0
338,http://ufcstats.com/event-details/9a967e8e43dcef63,The Ultimate Fighter: Team Rousey vs. Team Tate Finale,November 30 2013,"Las Vegas, Nevada, USA",10,2013-11-30,0
339,http://ufcstats.com/event-details/28f3c2258a1d8874,UFC 167: St-Pierre vs Hendricks,November 16 2013,"Las Vegas, Nevada, USA",12,2013-11-16,0
340,http://ufcstats.com/event-details/5d7c18191b8aa432,UFC Fight Night: Belfort vs Henderson 2,November 09 2013,"Goiania, Goias, Brazil",11,2013-11-09,0
341,http://ufcstats.com/event-details/35dc6220b113b7ec,UFC Fight Night: Fight for the Troops 3,November 06 2013,"Fort Campbell, Kentucky, USA",14,2013-11-06,0
342,http://ufcstats.com/event-details/60884f31ead1609c,UFC Fight Night: Machida vs Munoz,October 26 2013,"Manchester, England, United Kingdom",13,2013-10-26,0
343,http://ufcstats.com/event-details/eae4aec1a5a8ff01,UFC 166: Velasquez vs Dos Santos 3,October 19 2013,"Houston, Texas, USA",14,2013-10-19,0
344,http://ufcstats.com/event-details/43612456979e5d5e,UFC Fight Night: Maia vs Shields,October 09 2013,"Barueri, Sao Paulo, Brazil",10,2013-10-09,0
345,http://ufcstats.com/event-details/df5a77121ba84a5d,UFC 165: Jones vs Gustafsson,September 21 2013,"Toronto, Ontario, Canada",13,2013-09-21,0
346,http://ufcstats.com/event-details/b23fca14c7b79935,UFC Fight Night: Teixeira vs Bader,September 04 2013,"Belo Horizonte, Minas Gerais, Brazil",11,2013-09-04,0
347,http://ufcstats.com/event-details/980b4e712489098e,UFC 164: Henderson vs Pettis 2,August 31 2013,"Milwaukee, Wisconsin, USA",12,2013-08-31,0
348,http://ufcstats.com/event-details/e5c38954c006f15c,UFC Fight Night: Condit vs Kampmann 2,August 28 2013,"Indianapolis, Indiana, USA",13,2013-08-28,0
349,http://ufcstats.com/event-details/cf1a88371c8cb690,UFC Fight Night: Shogun vs Sonnen,August 17 2013,"Boston, Massachusetts, USA",13,2013-08-17,0
350,http://ufcstats.com/event-details/ebc5af72ad5a28cb,UFC 163: Aldo vs Jung,August 03 2013,"Rio de Janeiro, Brazil",12,2013-08-03,0
351,http://ufcstats.com/event-details/5330fe7e4c3af81c,UFC on FOX: Johnson vs Moraga,July 27 2013,"Seattle, Washington, USA",12,2013-07-27,0
352,http://ufcstats.com/event-details/e0b74df14f52cd15,UFC 162: Silva vs Weidman,July 06 2013,"Las Vegas, Nevada, USA",11,2013-07-06,0
353,http://ufcstats.com/event-details/8fd1f27e86661ede,UFC 161: Evans vs Henderson,June 15 2013,"Winnipeg, Manitoba, Canada",11,2013-06-15,0
354,http://ufcstats.com/event-details/7865707fd684d77b,UFC on FUEL TV: Nogueira vs. Werdum,June 08 2013,"Fortaleza, Ceara, Brazil",12,2013-06-08,0
355,http://ufcstats.com/event-details/3c241737a6069b9f,UFC 160: Velasquez vs Silva 2,May 25 2013,"Las Vegas, Nevada, USA",12,2013-05-25,0
356,http://ufcstats.com/event-details/030f08370fd1c2bb,UFC on FX: Belfort vs. Rockhold,May 18 2013,"Jaragua do Sul, Santa Catarina, Brazil",13,2013-05-18,0
357,http://ufcstats.com/event-details/ea0ad155451ed1f5,UFC 159: Jones vs Sonnen,April 27 2013,"Newark, New Jersey, USA",12,2013-04-27,0
358,http://ufcstats.com/event-details/aa79d5399571068e,UFC on FOX: Henderson vs Melendez,April 20 2013,"San Jose, California, USA",12,2013-04-20,0
359,http://ufcstats.com/event-details/ce47f49e5c386a9c,The Ultimate Fighter: Team Jones vs. Team Sonnen Finale,April 13 2013,"Las Vegas, Nevada, USA",12,2013-04-13,0
360,http://ufcstats.com/event-details/6291ac0a3726732f,UFC on FUEL TV: Mousasi vs Latifi,April 06 2013,"Stockholm, Sweden",13,2013-04-06,0
361,http://ufcstats.com/event-details/f1b2a4365799c48b,UFC 158: St-Pierre vs Diaz,March 16 2013,"Montreal, Quebec, Canada",12,2013-03-16,0
362,http://ufcstats.com/event-details/83c6c3e0f8bde8ee,UFC on FUEL TV: Silva vs. Stann,March 02 2013,"Saitama, Japan",12,2013-03-02,0
363,http://ufcstats.com/event-details/09c44b317c98bf96,UFC 157: Rousey vs Carmouche,February 23 2013,"Anaheim, California, USA",12,2013-02-23,0
364,http://ufcstats.com/event-details/4679a38cced7c64a,UFC on FUEL TV: Barao vs McDonald,February 16 2013,"London, England, United Kingdom",13,2013-02-16,0
365,http://ufcstats.com/event-details/601cf40c09090853,UFC 156: Aldo vs Edgar,February 02 2013,"Las Vegas, Nevada, USA",11,2013-02-02,0
366,http://ufcstats.com/event-details/738acab0c6934dd8,UFC on FOX: Johnson vs Dodson,January 26 2013,"Chicago, Illinois, USA",11,2013-01-26,0
367,http://ufcstats.com/event-details/56f4b81ec4db61af,UFC on FX: Belfort vs Bisping,January 19 2013,"Sao Paulo, Brazil",12,2013-01-19,0
368,http://ufcstats.com/event-details/c6e6926a81adcd00,UFC 155: Dos Santos vs Velasquez II,December 29 2012,"Las Vegas, Nevada, USA",12,2012-12-29,0
369,http://ufcstats.com/event-details/c6da1c24fe473418,The Ultimate Fighter: Team Carwin vs. Team Nelson Finale,December 15 2012,"Las Vegas, Nevada, USA",11,2012-12-15,0
370,http://ufcstats.com/event-details/e8c170a64dc920ac,UFC on FX: Sotiropoulos vs Pearson,December 14 2012,"Gold Coast, Queensland, Australia",11,2012-12-14,0
371,http://ufcstats.com/event-details/d1e6a6536ee62517,UFC on FOX: Henderson vs Diaz,December 08 2012,"Seattle, Washington, USA",11,2012-12-08,0
372,http://ufcstats.com/event-details/d41937647eae9a34,UFC 154: St-Pierre vs Condit,November 17 2012,"Montreal, Quebec, Canada",12,2012-11-17,0
373,http://ufcstats.com/event-details/319fa1bd3176bded,UFC Macao: Franklin vs Le,November 10 2012,"Macau, China",10,2012-11-10,0
374,http://ufcstats.com/event-details/96d173b7f92aa520,UFC 153: Silva vs Bonnar,October 13 2012,"Rio de Janeiro, Brazil",12,2012-10-13,0
375,http://ufcstats.com/event-details/6a0b80a24f22e152,UFC on FX: Browne vs Bigfoot,October 05 2012,"Minneapolis, Minnesota, USA",10,2012-10-05,0
376,http://ufcstats.com/event-details/6cbb7661c3258617,UFC on FUEL TV: Struve vs Miocic,September 29 2012,"Nottingham, England, United Kingdom",11,2012-09-29,0
377,http://ufcstats.com/event-details/53e533db1b8e9712,UFC 152: Jones vs Belfort,September 22 2012,"Toronto, Ontario, Canada",12,2012-09-22,0
378,http://ufcstats.com/event-details/3c48019bc387b80c,UFC 150: Henderson vs Edgar II,August 11 2012,"Denver, Colorado, USA",11,2012-08-11,0
379,http://ufcstats.com/event-details/f62850b3c7480db9,UFC on FOX: Shogun vs Vera,August 04 2012,"Los Angeles, California, USA",11,2012-08-04,0
380,http://ufcstats.com/event-details/abbc4fc02e0d84b3,UFC 149: Faber vs Barao,July 21 2012,"Calgary, Alberta, Canada",13,2012-07-21,0
381,http://ufcstats.com/event-details/d3b5ad3b15a64a18,UFC on FUEL TV: Munoz vs Weidman,July 11 2012,"San Jose, California, USA",11,2012-07-11,0
382,http://ufcstats.com/event-details/e8efeb9cf33b1941,UFC 148: Silva vs Sonnen 2,July 07 2012,"Las Vegas, Nevada, USA",11,2012-07-07,0
383,http://ufcstats.com/event-details/3da19339ee7051d5,UFC 147: Silva vs Franklin 2,June 23 2012,"Belo Horizonte, Minas Gerais, Brazil",12,2012-06-23,0
384,http://ufcstats.com/event-details/505934897b8b4824,UFC on FX: Maynard vs Guida,June 22 2012,"Atlantic City, New Jersey, USA",12,2012-06-22,0
385,http://ufcstats.com/event-details/49590e0508b2c19f,UFC on FX: Johnson vs McCall,June 08 2012,"Sunrise, Florida, USA",12,2012-06-08,0
386,http://ufcstats.com/event-details/96087e90d900f0ef,The Ultimate Fighter: Live Finale,June 01 2012,"Las Vegas, Nevada, USA",10,2012-06-01,0
387,http://ufcstats.com/event-details/4985113c0928aa62,UFC 146: Dos Santos vs Mir,May 26 2012,"Las Vegas, Nevada, USA",12,2012-05-26,0
388,http://ufcstats.com/event-details/8caca5857ce0e30b,UFC on FUEL TV: Korean Zombie vs Poirier,May 15 2012,"Fairfax, Virginia, USA",12,2012-05-15,0
389,http://ufcstats.com/event-details/5898357a45a73674,UFC on FOX: Diaz vs Miller,May 05 2012,"East Rutherford, New Jersey, USA",12,2012-05-05,0
390,http://ufcstats.com/event-details/155bfc7ed36622df,UFC 145: Jones vs Evans,April 21 2012,"Atlanta, Georgia, USA",12,2012-04-21,0
391,http://ufcstats.com/event-details/21f2974fd08085e3,UFC on FUEL TV: Gustafsson vs Silva,April 14 2012,"Stockholm, Sweden",12,2012-04-14,0
392,http://ufcstats.com/event-details/b5ea750025697880,UFC on FX: Alves vs Kampmann,March 02 2012,"Sydney, New South Wales, Australia",12,2012-03-02,0
393,http://ufcstats.com/event-details/8377c5572cb356f3,UFC 144: Edgar vs Henderson,February 25 2012,"Saitama, Japan",12,2012-02-25,0
394,http://ufcstats.com/event-details/0a97691039c4bbfb,UFC on FUEL TV: Sanchez vs Ellenberger,February 15 2012,"Omaha, Nebraska, USA",9,2012-02-15,0
395,http://ufcstats.com/event-details/df2cf66d8c0123db,UFC 143: Diaz vs Condit,February 04 2012,"Las Vegas, Nevada, USA",11,2012-02-04,0
396,http://ufcstats.com/event-details/c3c23c99477c041b,UFC on FOX: Evans vs Davis,January 28 2012,"Chicago, Illinois, USA",10,2012-01-28,0
397,http://ufcstats.com/event-details/4d74641fac830182,UFC on FX: Guillard vs Miller,January 20 2012,"Nashville, Tennessee, USA",10,2012-01-20,0
398,http://ufcstats.com/event-details/18524b46c570730b,UFC 142: Aldo vs Mendes,January 14 2012,"Rio de Janeiro, Brazil",10,2012-01-14,0
399,http://ufcstats.com/event-details/91720876db0ee468,UFC 141: Lesnar vs Overeem,December 30 2011,"Las Vegas, Nevada, USA",10,2011-12-30,0
400,http://ufcstats.com/event-details/6d7886b094b471ac,UFC 140: Jones vs Machida,December 10 2011,"Toronto, Ontario, Canada",12,2011-12-10,0
401,http://ufcstats.com/event-details/1f5f75658551f2d3,The Ultimate Fighter: Team Bisping vs Team Miller Finale,December 03 2011,"Las Vegas, Nevada, USA",10,2011-12-03,0
402,http://ufcstats.com/event-details/0ec821423baa26bd,UFC 139: Shogun vs Henderson,November 19 2011,"San Jose, California, USA",12,2011-11-19,0
403,http://ufcstats.com/event-details/1c061eb6e29eaa0a,UFC on FOX: Velasquez vs Dos Santos,November 12 2011,"Anaheim, California, USA",11,2011-11-12,0
404,http://ufcstats.com/event-details/e780ccc79a209985,UFC 138: Leben vs Munoz,November 05 2011,"Birmingham, England, United Kingdom",10,2011-11-05,0
405,http://ufcstats.com/event-details/8788beb528894f33,UFC 137: Penn vs Diaz,October 29 2011,"Las Vegas, Nevada, USA",11,2011-10-29,0
406,http://ufcstats.com/event-details/7d5b12de1625984e,UFC 136: Edgar vs Maynard 3,October 08 2011,"Houston, Texas, USA",11,2011-10-08,0
407,http://ufcstats.com/event-details/44f9c777fed7ca03,UFC Live: Cruz vs Johnson,October 01 2011,"Washington, DC, USA",10,2011-10-01,0
408,http://ufcstats.com/event-details/73ef22f25d0f70e2,UFC 135: Jones vs Rampage,September 24 2011,"Denver, Colorado, USA",10,2011-09-24,0
409,http://ufcstats.com/event-details/1ffc38f67785797b,UFC Fight Night: Shields vs Ellenberger,September 17 2011,"New Orleans, Louisiana, USA",12,2011-09-17,0
410,http://ufcstats.com/event-details/18968f97ad34f15c,UFC 134: Silva vs Okami,August 27 2011,"Rio de Janeiro, Brazil",12,2011-08-27,0
411,http://ufcstats.com/event-details/4c8d6fde2dde07c4,UFC Live: Hardy vs Lytle,August 14 2011,"Milwaukee, Wisconsin, USA",12,2011-08-14,0
412,http://ufcstats.com/event-details/f1f9e48a0d150757,UFC 133: Evans vs Ortiz 2,August 06 2011,"Philadelphia, Pennsylvania, USA",11,2011-08-06,0
413,http://ufcstats.com/event-details/83fd97284f4bb4a4,UFC 132: Cruz vs Faber,July 02 2011,"Las Vegas, Nevada, USA",11,2011-07-02,0
414,http://ufcstats.com/event-details/d023ae89a2a4a41e,UFC Live: Kongo vs Barry,June 26 2011,"Pittsburgh, Pennsylvania, USA",12,2011-06-26,0
415,http://ufcstats.com/event-details/aac5ac38148f0528,UFC 131: Dos Santos vs Carwin,June 11 2011,"Vancouver, British Columbia, Canada",12,2011-06-11,0
416,http://ufcstats.com/event-details/3ba3b5cc94498437,The Ultimate Fighter: Team Lesnar vs Team dos Santos Finale,June 04 2011,"Las Vegas, Nevada, USA",11,2011-06-04,0
417,http://ufcstats.com/event-details/b732b326c362fb62,UFC 130: Rampage vs Hamill,May 28 2011,"Las Vegas, Nevada, USA",10,2011-05-28,0
418,http://ufcstats.com/event-details/2db7fa8db6bc9632,UFC 129: St-Pierre vs Shields,April 30 2011,"Toronto, Ontario, Canada",12,2011-04-30,0
419,http://ufcstats.com/event-details/8a59d346dc976a10,UFC Fight Night: Nogueira vs Davis,March 26 2011,"Seattle, Washington, USA",12,2011-03-26,0
420,http://ufcstats.com/event-details/1411c630ba711b64,UFC 128: Shogun vs Jones,March 19 2011,"Newark, New Jersey, USA",12,2011-03-19,0
421,http://ufcstats.com/event-details/a54fc2d6fc224dc3,UFC Live: Sanchez vs Kampmann,March 03 2011,"Louisville, Kentucky, USA",11,2011-03-03,0
422,http://ufcstats.com/event-details/88a9bc81271ccd89,UFC 127: Penn vs Fitch,February 26 2011,"Sydney, New South Wales, Australia",13,2011-02-26,0
423,http://ufcstats.com/event-details/65ddc8a9ac4e8531,UFC 126: Silva vs Belfort,February 05 2011,"Las Vegas, Nevada, USA",11,2011-02-05,0
424,http://ufcstats.com/event-details/282fa667ff9c51ed,UFC Fight Night: Fight for the Troops 2,January 22 2011,"Killeen, Texas, USA",11,2011-01-22,0
425,http://ufcstats.com/event-details/d1152823307d7e7c,UFC 125: Resolution,January 01 2011,"Las Vegas, Nevada, USA",13,2011-01-01,0
426,http://ufcstats.com/event-details/132f860d02953f4c,UFC 124: St-Pierre vs Koscheck 2,December 11 2010,"Montreal, Quebec, Canada",12,2010-12-11,0
427,http://ufcstats.com/event-details/5d7bdab5e03e3216,The Ultimate Fighter: Team GSP vs Team Koscheck Finale,December 04 2010,"Las Vegas, Nevada, USA",11,2010-12-04,0
428,http://ufcstats.com/event-details/dd992d569aaebee6,UFC 123: Rampage vs Machida,November 20 2010,"Auburn Hills, Michigan, USA",11,2010-11-20,0
429,http://ufcstats.com/event-details/0ff11cc094e887bc,UFC 122: Marquardt vs Okami,November 13 2010,"Oberhausen, North Rhine-Westphalia, Germany",10,2010-11-13,0
430,http://ufcstats.com/event-details/afdb76fbd86f6d11,UFC 121: Lesnar vs Velasquez,October 23 2010,"Anaheim, California, USA",11,2010-10-23,0
431,http://ufcstats.com/event-details/d512d9f204059f57,UFC 120: Bisping vs Akiyama,October 16 2010,"London, England, United Kingdom",11,2010-10-16,0
432,http://ufcstats.com/event-details/ad32471f01e7b1a5,UFC 119: Mir vs Cro Cop,September 25 2010,"Indianapolis, Indiana, USA",11,2010-09-25,0
433,http://ufcstats.com/event-details/acff437707625fc7,UFC Fight Night: Marquardt vs Palhares,September 15 2010,"Austin, Texas, USA",10,2010-09-15,0
434,http://ufcstats.com/event-details/054defd5420a551f,UFC 118: Edgar vs Penn 2,August 28 2010,"Boston, Massachusetts, USA",10,2010-08-28,0
435,http://ufcstats.com/event-details/2f3f12002564bb55,UFC 117: Silva vs Sonnen,August 07 2010,"Oakland, California, USA",11,2010-08-07,0
436,http://ufcstats.com/event-details/f12f979b657ab876,UFC Live: Jones vs Matyushenko,August 01 2010,"San Diego, California, USA",10,2010-08-01,0
437,http://ufcstats.com/event-details/140745cbbcb023ac,UFC 116: Lesnar vs Carwin,July 03 2010,"Las Vegas, Nevada, USA",11,2010-07-03,0
438,http://ufcstats.com/event-details/9bcf8603ceb25680,The Ultimate Fighter: Team Liddell vs Team Ortiz Finale,June 19 2010,"Las Vegas, Nevada, USA",10,2010-06-19,0
439,http://ufcstats.com/event-details/cfb65863d5099327,UFC 115: Liddell vs Franklin,June 12 2010,"Vancouver, British Columbia, Canada",11,2010-06-12,0
440,http://ufcstats.com/event-details/bfc2fc38a0e20211,UFC 114: Rampage vs Evans,May 29 2010,"Las Vegas, Nevada, USA",11,2010-05-29,0
441,http://ufcstats.com/event-details/d0c29452d3272603,UFC 113: Machida vs Shogun 2,May 08 2010,"Montreal, Quebec, Canada",11,2010-05-08,0
442,http://ufcstats.com/event-details/24b033b3daf1c9df,UFC 112: Invincible,April 10 2010,"Abu Dhabi, United Arab Emirates",10,2010-04-10,0
443,http://ufcstats.com/event-details/3ed134d85dfbd7b4,UFC Fight Night: Florian vs Gomi,March 31 2010,"Charlotte, North Carolina, USA",11,2010-03-31,0
444,http://ufcstats.com/event-details/c80095f6092271a7,UFC 111: St-Pierre vs Hardy,March 27 2010,"Newark, New Jersey, USA",10,2010-03-27,0
445,http://ufcstats.com/event-details/3795fca327cbcf23,UFC Live: Vera vs Jones,March 21 2010,"Broomfield, Colorado, USA",11,2010-03-21,0
446,http://ufcstats.com/event-details/49efbdc6c9f650c4,UFC 110: Nogueira vs Velasquez,February 20 2010,"Sydney, New South Wales, Australia",9,2010-02-20,0
447,http://ufcstats.com/event-details/15edcf67ccf5be84,UFC 109: Relentless,February 06 2010,"Las Vegas, Nevada, USA",11,2010-02-06,0
448,http://ufcstats.com/event-details/58bc81376286b3d3,UFC Fight Night: Maynard vs Diaz,January 11 2010,"Fairfax, Virginia, USA",12,2010-01-11,0
449,http://ufcstats.com/event-details/a6d8bfe9e0c8153b,UFC 108: Evans vs Silva,January 02 2010,"Las Vegas, Nevada, USA",10,2010-01-02,0
450,http://ufcstats.com/event-details/821cd80aab70d5f9,UFC 107: Penn vs Sanchez,December 12 2009,"Memphis, Tennessee, USA",11,2009-12-12,0
451,http://ufcstats.com/event-details/91d73ee59347ac16,The Ultimate Fighter: Heavyweights Finale,December 05 2009,"Las Vegas, Nevada, USA",10,2009-12-05,0
452,http://ufcstats.com/event-details/84a067c46306a737,UFC 106: Ortiz vs Griffin 2,November 21 2009,"Las Vegas, Nevada, USA",11,2009-11-21,0
453,http://ufcstats.com/event-details/fa8b9e6b0c2269f8,UFC 105: Couture vs Vera,November 14 2009,"Manchester, England, United Kingdom",11,2009-11-14,0
454,http://ufcstats.com/event-details/7c0847d3854a95f2,UFC 104: Machida vs Shogun,October 24 2009,"Los Angeles, California, USA",11,2009-10-24,0
455,http://ufcstats.com/event-details/896c322f56b8be5a,UFC 103: Franklin vs Belfort,September 19 2009,"Dallas, Texas, USA",13,2009-09-19,0
456,http://ufcstats.com/event-details/a8ea84cbe1655f0a,UFC Fight Night: Diaz vs Guillard,September 16 2009,"Oklahoma City, Oklahoma, USA",10,2009-09-16,0
457,http://ufcstats.com/event-details/c6a33ff198aaaeeb,UFC 102: Couture vs Nogueira,August 29 2009,"Portland, Oregon, USA",11,2009-08-29,0
458,http://ufcstats.com/event-details/48d1f690b763934c,UFC 101: Declaration,August 08 2009,"Philadelphia, Pennsylvania, USA",11,2009-08-08,0
459,http://ufcstats.com/event-details/0ee783aa00e468f0,UFC 100,July 11 2009,"Las Vegas, Nevada, USA",11,2009-07-11,0
460,http://ufcstats.com/event-details/4908c5ee68a50ee5,The Ultimate Fighter: United States vs. United Kingdom Finale,June 20 2009,"Las Vegas, Nevada, USA",10,2009-06-20,0
461,http://ufcstats.com/event-details/cb6783c39c01d896,UFC 99: The Comeback,June 13 2009,"Cologne, North Rhine-Westphalia, Germany",12,2009-06-13,0
462,http://ufcstats.com/event-details/c4b6099f0d25f75e,UFC 98: Evans vs Machida,May 23 2009,"Las Vegas, Nevada, USA",11,2009-05-23,0
463,http://ufcstats.com/event-details/1652f3213655b935,UFC 97: Redemption,April 18 2009,"Montreal, Quebec, Canada",12,2009-04-18,0
464,http://ufcstats.com/event-details/04d5718ed2661e8c,UFC Fight Night: Condit vs Kampmann,April 01 2009,"Nashville, Tennessee, USA",11,2009-04-01,0
465,http://ufcstats.com/event-details/29b5791e51e7e832,UFC 96: Jackson vs Jardine,March 07 2009,"Columbus, Ohio, USA",10,2009-03-07,0
466,http://ufcstats.com/event-details/7d21de9c6d7c98b2,UFC 95: Sanchez vs Stevenson,February 21 2009,"London, England, United Kingdom",10,2009-02-21,0
467,http://ufcstats.com/event-details/d1759b2b7be9be56,UFC Fight Night: Lauzon vs Stephens,February 07 2009,"Tampa, Florida, USA",10,2009-02-07,0
468,http://ufcstats.com/event-details/2a542ee8a8b83559,UFC 94: St-Pierre vs Penn 2,January 31 2009,"Las Vegas, Nevada, USA",11,2009-01-31,0
469,http://ufcstats.com/event-details/68c6cd5287b473a7,UFC 93: Franklin vs Henderson,January 17 2009,"Dublin, Leinster, Ireland",10,2009-01-17,0
470,http://ufcstats.com/event-details/23ab42947c1990e3,UFC 92: The Ultimate 2008,December 27 2008,"Las Vegas, Nevada, USA",10,2008-12-27,0
471,http://ufcstats.com/event-details/ea398c802d9998ee,The Ultimate Fighter: Team Nogueira vs. Team Mir Finale,December 13 2008,"Las Vegas, Nevada, USA",10,2008-12-13,0
472,http://ufcstats.com/event-details/30cd319d39ee689b,UFC Fight Night - Fight for the Troops,December 10 2008,"Fayetteville, North Carolina, USA",10,2008-12-10,0
473,http://ufcstats.com/event-details/a2b06ca02bca14c0,UFC 91: Couture vs Lesnar,November 15 2008,"Las Vegas, Nevada, USA",9,2008-11-15,0
474,http://ufcstats.com/event-details/c670aa48827d6be6,UFC 90: Silva vs Cote,October 25 2008,"Rosemont, Illinois, USA",10,2008-10-25,0
475,http://ufcstats.com/event-details/312f47c3d2f83ffa,UFC 89: Bisping vs Leben,October 18 2008,"Birmingham, England, United Kingdom",11,2008-10-18,0
476,http://ufcstats.com/event-details/279093302a6f44b3,UFC Fight Night: Diaz vs Neer,September 17 2008,"Omaha, Nebraska, USA",10,2008-09-17,0
477,http://ufcstats.com/event-details/0db70ca89e1c7374,UFC 88: Breakthrough,September 06 2008,"Atlanta, Georgia, USA",9,2008-09-06,0
478,http://ufcstats.com/event-details/19ffeb5e3fffd6d5,UFC 87: Seek And Destroy,August 09 2008,"Minneapolis, Minnesota, USA",10,2008-08-09,0
479,http://ufcstats.com/event-details/46f11d15c0134fe3,UFC: Silva vs Irvin,July 19 2008,"Las Vegas, Nevada, USA",11,2008-07-19,0
480,http://ufcstats.com/event-details/bf12aca029bfcc47,UFC 86: Jackson vs Griffin,July 05 2008,"Las Vegas, Nevada, USA",9,2008-07-05,0
481,http://ufcstats.com/event-details/2299605af59fd309,The Ultimate Fighter: Team Rampage vs Team Forrest Finale,June 21 2008,"Las Vegas, Nevada, USA",10,2008-06-21,0
482,http://ufcstats.com/event-details/2efbc83a6b9b7f86,UFC 85: Bedlam,June 07 2008,"London, England, United Kingdom",11,2008-06-07,0
483,http://ufcstats.com/event-details/2549d63da9c456cb,UFC 84: Ill Will,May 24 2008,"Las Vegas, Nevada, USA",11,2008-05-24,0
484,http://ufcstats.com/event-details/ad047e3073a775f3,UFC 83: Serra vs St-Pierre 2,April 19 2008,"Montreal, Quebec, Canada",11,2008-04-19,0
485,http://ufcstats.com/event-details/b9e871af730f826c,UFC Fight Night: Florian vs Lauzon,April 02 2008,"Broomfield, Colorado, USA",12,2008-04-02,0
486,http://ufcstats.com/event-details/598a58db87b890ee,UFC 82: Pride of a Champion,March 01 2008,"Columbus, Ohio, USA",10,2008-03-01,0
487,http://ufcstats.com/event-details/597db668b01c442c,UFC 81: Breaking Point,February 02 2008,"Las Vegas, Nevada, USA",9,2008-02-02,0
488,http://ufcstats.com/event-details/33e33d51f289d2a1,UFC Fight Night: Swick vs Burkman,January 23 2008,"Las Vegas, Nevada, USA",9,2008-01-23,0
489,http://ufcstats.com/event-details/a24e080000fa7a35,UFC 80: Rapid Fire,January 19 2008,"Newcastle, England, United Kingdom",9,2008-01-19,0
490,http://ufcstats.com/event-details/7269329bd87eb479,UFC 79: Nemesis,December 29 2007,"Las Vegas, Nevada, USA",10,2007-12-29,0
491,http://ufcstats.com/event-details/df85d6ec3493d120,The Ultimate Fighter: Team Hughes vs. Team Serra Finale,December 08 2007,"Las Vegas, Nevada, USA",9,2007-12-08,0
492,http://ufcstats.com/event-details/1d147d4163a6989b,UFC 78: Validation,November 17 2007,"Newark, New Jersey, USA",9,2007-11-17,0
493,http://ufcstats.com/event-details/91181b29be041f1c,UFC 77: Hostile Territory,October 20 2007,"Cincinnati, Ohio, USA",9,2007-10-20,0
494,http://ufcstats.com/event-details/bad28b7b34f334de,UFC 76: Knockout,September 22 2007,"Anaheim, California, USA",9,2007-09-22,0
495,http://ufcstats.com/event-details/f341f9551ba744e2,UFC Fight Night: Thomas vs Florian,September 19 2007,"Las Vegas, Nevada, USA",9,2007-09-19,0
496,http://ufcstats.com/event-details/0aa92558424ced9e,UFC 75: Champion vs Champion,September 08 2007,"London, England, United Kingdom",9,2007-09-08,0
497,http://ufcstats.com/event-details/a5c53b3ddb31cc7d,UFC 74: Respect,August 25 2007,"Las Vegas, Nevada, USA",9,2007-08-25,0
498,http://ufcstats.com/event-details/2a6f8136da1e52c0,UFC 73: Stacked,July 07 2007,"Sacramento, California, USA",10,2007-07-07,0
499,http://ufcstats.com/event-details/e7ec11096eac0282,The Ultimate Fighter: Team Pulver vs. Team Penn Finale,June 23 2007,"Las Vegas, Nevada, USA",10,2007-06-23,0
500,http://ufcstats.com/event-details/5ca158b1cc9cb242,UFC 72: Victory,June 16 2007,"Belfast, Northern Ireland, United Kingdom",8,2007-06-16,0
501,http://ufcstats.com/event-details/304fcd812f12c589,UFC Fight Night: Stout vs Fisher,June 12 2007,"Hollywood, Florida, USA",9,2007-06-12,0
502,http://ufcstats.com/event-details/2e04a3b4a2011b97,UFC 71: Liddell vs Jackson,May 26 2007,"Las Vegas, Nevada, USA",9,2007-05-26,0
503,http://ufcstats.com/event-details/4604ab1de9058474,UFC 70: Nations Collide,April 21 2007,"Manchester, England, United Kingdom",10,2007-04-21,0
504,http://ufcstats.com/event-details/c1684f00c626f4c0,UFC 69: Shootout,April 07 2007,"Houston, Texas, USA",9,2007-04-07,0
505,http://ufcstats.com/event-details/a6c2f5381d575920,UFC Fight Night: Stevenson vs Guillard,April 05 2007,"Las Vegas, Nevada, USA",9,2007-04-05,0
506,http://ufcstats.com/event-details/de3ed2e152520c8d,UFC 68: The Uprising,March 03 2007,"Columbus, Ohio, USA",9,2007-03-03,0
507,http://ufcstats.com/event-details/63b65af1c5cb02cb,UFC 67: All or Nothing,February 03 2007,"Las Vegas, Nevada, USA",9,2007-02-03,0
508,http://ufcstats.com/event-details/13c4313ed0f744f3,UFC Fight Night: Evans vs Salmon,January 25 2007,"Hollywood, Florida, USA",8,2007-01-25,0
509,http://ufcstats.com/event-details/ee5df903f80c6816,UFC 66: Liddell vs Ortiz 2,December 30 2006,"Las Vegas, Nevada, USA",9,2006-12-30,0
510,http://ufcstats.com/event-details/21b8a0f5c231096f,UFC Fight Night: Sanchez vs Riggs,December 13 2006,"San Diego, California, USA",9,2006-12-13,0
511,http://ufcstats.com/event-details/3fed746acfd026dd,UFC 65: Bad Intentions,November 18 2006,"Sacramento, California, USA",9,2006-11-18,0
512,http://ufcstats.com/event-details/baf942f4bcb09894,The Ultimate Fighter: The Comeback Finale,November 11 2006,"Las Vegas, Nevada, USA",8,2006-11-11,0
513,http://ufcstats.com/event-details/13b2f59210dda9cc,UFC 64: Unstoppable,October 14 2006,"Las Vegas, Nevada, USA",8,2006-10-14,0
514,http://ufcstats.com/event-details/577ec7e108b94be3,Ortiz vs Shamrock 3: The Final Chapter,October 10 2006,"Hollywood, Florida, USA",9,2006-10-10,0
515,http://ufcstats.com/event-details/13e62d766b709aa6,UFC 63: Hughes vs Penn,September 23 2006,"Anaheim, California, USA",9,2006-09-23,0
516,http://ufcstats.com/event-details/f717b6002486f73f,UFC 62: Liddell vs Sobral,August 26 2006,"Las Vegas, Nevada, USA",9,2006-08-26,0
517,http://ufcstats.com/event-details/46c8ec317aff28ac,UFC Fight Night 6,August 17 2006,"Las Vegas, Nevada, USA",9,2006-08-17,0
518,http://ufcstats.com/event-details/f70144caea5c4c80,UFC 61: Bitter Rivals,July 08 2006,"Las Vegas, Nevada, USA",9,2006-07-08,0
519,http://ufcstats.com/event-details/445a98acb8985970,UFC Fight Night 5,June 28 2006,"Las Vegas, Nevada, USA",9,2006-06-28,0
520,http://ufcstats.com/event-details/1dab0d1d81dd06db,The Ultimate Fighter: Team Ortiz vs. Team Shamrock Finale,June 24 2006,"Las Vegas, Nevada, USA",9,2006-06-24,0
521,http://ufcstats.com/event-details/a54a35a670d8e852,UFC 60: Hughes vs Gracie,May 27 2006,"Los Angeles, California, USA",9,2006-05-27,0
522,http://ufcstats.com/event-details/03688dc3c3af3ac1,UFC 59: Reality Check,April 15 2006,"Anaheim, California, USA",9,2006-04-15,0
523,http://ufcstats.com/event-details/b361180739bed4b0,UFC Fight Night 4,April 06 2006,"Las Vegas, Nevada, USA",9,2006-04-06,0
524,http://ufcstats.com/event-details/0e9869d712e81f8f,UFC 58: USA vs Canada,March 04 2006,"Las Vegas, Nevada, USA",8,2006-03-04,0
525,http://ufcstats.com/event-details/977081bc01197656,UFC 57: Liddell vs Couture 3,February 04 2006,"Las Vegas, Nevada, USA",9,2006-02-04,0
526,http://ufcstats.com/event-details/2ee09ec2a0695eb9,UFC Fight Night 3,January 16 2006,"Las Vegas, Nevada, USA",8,2006-01-16,0
527,http://ufcstats.com/event-details/c7e9d15cfce52f1d,UFC 56: Full Force,November 19 2005,"Las Vegas, Nevada, USA",8,2005-11-19,0
528,http://ufcstats.com/event-details/31ceaf0e670c1578,The Ultimate Fighter: Team Hughes vs. Team Franklin Finale,November 05 2005,"Las Vegas, Nevada, USA",7,2005-11-05,0
529,http://ufcstats.com/event-details/271fe91f4ba9d2c5,UFC 55: Fury,October 07 2005,"Uncasville, Connecticut, USA",9,2005-10-07,0
530,http://ufcstats.com/event-details/efaf544314bb5c2e,UFC Fight Night 2,October 03 2005,"Las Vegas, Nevada, USA",7,2005-10-03,0
531,http://ufcstats.com/event-details/669a3cb6e394f515,UFC 54: Boiling Point,August 20 2005,"Las Vegas, Nevada, USA",8,2005-08-20,0
532,http://ufcstats.com/event-details/3f24c96753dbd9f9,UFC Fight Night 1,August 06 2005,"Las Vegas, Nevada, USA",8,2005-08-06,0
533,http://ufcstats.com/event-details/d3711d3784b76255,UFC 53: Heavy Hitters,June 04 2005,"Atlantic City, New Jersey, USA",8,2005-06-04,0
534,http://ufcstats.com/event-details/c933d423ebdbbbdb,UFC 52: Couture vs Liddell 2,April 16 2005,"Las Vegas, Nevada, USA",8,2005-04-16,0
535,http://ufcstats.com/event-details/fbbde91f7bc2d3c5,The Ultimate Fighter: Team Couture vs. Team Liddell Finale,April 09 2005,"Las Vegas, Nevada, USA",9,2005-04-09,0
536,http://ufcstats.com/event-details/85d905f7c4f5a1af,UFC 51: Super Saturday,February 05 2005,"Las Vegas, Nevada, USA",9,2005-02-05,0
537,http://ufcstats.com/event-details/ce783bf73b5131f9,UFC 50: The War Of '04,October 22 2004,"Atlantic City, New Jersey, USA",7,2004-10-22,0
538,http://ufcstats.com/event-details/b4bc2e3353a770b5,UFC 49: Unfinished Business,August 21 2004,"Las Vegas, Nevada, USA",8,2004-08-21,0
539,http://ufcstats.com/event-details/429e7d3725852ce9,UFC 48: Payback,June 19 2004,"Las Vegas, Nevada, USA",8,2004-06-19,0
540,http://ufcstats.com/event-details/e8fb8e53bc2e29d6,UFC 47: It's On!,April 02 2004,"Las Vegas, Nevada, USA",8,2004-04-02,0
541,http://ufcstats.com/event-details/94609dd91731d428,UFC 46: Supernatural,January 31 2004,"Las Vegas, Nevada, USA",8,2004-01-31,0
542,http://ufcstats.com/event-details/e670f8cc2969a789,UFC 45: Revolution,November 21 2003,"Uncasville, Connecticut, USA",8,2003-11-21,0
543,http://ufcstats.com/event-details/c61f66d8c3fd5f07,UFC 44: Undisputed,September 26 2003,"Las Vegas, Nevada, USA",9,2003-09-26,0
544,http://ufcstats.com/event-details/108afe61a26bcbf4,UFC 43: Meltdown,June 06 2003,"Las Vegas, Nevada, USA",9,2003-06-06,0
545,http://ufcstats.com/event-details/ae58685caf8e4a0d,UFC 42: Sudden Impact,April 25 2003,"Miami, Florida, USA",8,2003-04-25,0
546,http://ufcstats.com/event-details/bba678d312590087,UFC 41: Onslaught,February 28 2003,"Atlantic City, New Jersey, USA",9,2003-02-28,0
547,http://ufcstats.com/event-details/e06fd1260ac865a7,UFC 40: Vendetta,November 22 2002,"Las Vegas, Nevada, USA",8,2002-11-22,0
548,http://ufcstats.com/event-details/0cf935519d439ba6,UFC 39: The Warriors Return,September 27 2002,"Uncasville, Connecticut, USA",8,2002-09-27,0
549,http://ufcstats.com/event-details/1dc56b59cb28425d,UFC 38: Brawl at the Hall,July 13 2002,"London, England, United Kingdom",7,2002-07-13,0
550,http://ufcstats.com/event-details/9ccdd2ce45903f34,UFC 37.5: As Real As It Gets,June 22 2002,"Las Vegas, Nevada, USA",6,2002-06-22,0
551,http://ufcstats.com/event-details/9fd1f08dd4aec14a,UFC 37: High Impact,May 10 2002,"Bossier City, Louisiana, USA",9,2002-05-10,0
552,http://ufcstats.com/event-details/02fc8f50f56eb307,UFC 36: Worlds Collide,March 22 2002,"Las Vegas, Nevada, USA",8,2002-03-22,0
553,http://ufcstats.com/event-details/946f341df6472ee0,UFC 35: Throwdown,January 11 2002,"Uncasville, Connecticut, USA",8,2002-01-11,0
554,http://ufcstats.com/event-details/4dc496aa0cfc0d95,UFC 34: High Voltage,November 02 2001,"Las Vegas, Nevada, USA",8,2001-11-02,0
555,http://ufcstats.com/event-details/c75b99887c8c3f5a,UFC 33: Victory in Vegas,September 28 2001,"Las Vegas, Nevada, USA",8,2001-09-28,0
556,http://ufcstats.com/event-details/7b9aa973e5c04624,UFC 32: Showdown in the Meadowlands,June 29 2001,"East Rutherford, New Jersey, USA",8,2001-06-29,0
557,http://ufcstats.com/event-details/20bd6c3e03c46ee6,UFC 31: Locked and Loaded,May 04 2001,"Atlantic City, New Jersey, USA",8,2001-05-04,0
558,http://ufcstats.com/event-details/2b1587a3376ab743,UFC 30: Battle on the Boardwalk,February 23 2001,"Atlantic City, New Jersey, USA",9,2001-02-23,0
559,http://ufcstats.com/event-details/08ae5cd9aef7ddd3,UFC 29: Defense of the Belts,December 16 2000,"Tokyo, Japan",7,2000-12-16,0
560,http://ufcstats.com/event-details/da6dfd09cca1d705,UFC 28: High Stakes,November 17 2000,"Atlantic City, New Jersey, USA",7,2000-11-17,0
561,http://ufcstats.com/event-details/31652c9267606d54,UFC 27: Ultimate Bad Boyz,September 22 2000,"New Orleans, Louisiana, USA",9,2000-09-22,0
562,http://ufcstats.com/event-details/cedfdf8d423d500c,UFC 26: Ultimate Field Of Dreams,June 09 2000,"Cedar Rapids, Iowa, USA",8,2000-06-09,0
563,http://ufcstats.com/event-details/d2b1c1317a39f6c6,UFC 25: Ultimate Japan 3,April 14 2000,"Tokyo, Japan",6,2000-04-14,0
564,http://ufcstats.com/event-details/20ec0061400178ca,UFC 24: First Defense,March 10 2000,"Lake Charles, Louisiana, USA",7,2000-03-10,0
565,http://ufcstats.com/event-details/a8fa0c4e95512806,UFC 23: Ultimate Japan 2,November 19 1999,"Chiba, Japan",7,1999-11-19,0
566,http://ufcstats.com/event-details/afaad7d6a581e307,UFC 22: Only One Can be Champion,September 24 1999,"Lake Charles, Louisiana, USA",10,1999-09-24,0
567,http://ufcstats.com/event-details/1a1a4d7a29041d77,UFC 21: Return of the Champions,July 16 1999,"Cedar Rapids, Iowa, USA",8,1999-07-16,0
568,http://ufcstats.com/event-details/a7b48e18ca27795d,UFC 20: Battle for the Gold,May 07 1999,"Birmingham, Alabama, USA",7,1999-05-07,0
569,http://ufcstats.com/event-details/a220be6d41d6f97d,UFC 19: Ultimate Young Guns,March 05 1999,"Bay St. Louis, Mississippi, USA",7,1999-03-05,0
570,http://ufcstats.com/event-details/c9bbf1a0285a8076,UFC 18: The Road to the Heavyweight Title,January 08 1999,"New Orleans, Louisiana, USA",7,1999-01-08,0
571,http://ufcstats.com/event-details/32a3025d5db456ae,UFC - Ultimate Brazil,October 16 1998,"Sao Paulo, Brazil",8,1998-10-16,0
572,http://ufcstats.com/event-details/4a01dc8376736ef5,UFC 17: Redemption,May 15 1998,"Mobile, Alabama, USA",9,1998-05-15,0
573,http://ufcstats.com/event-details/749685d24e2cac50,UFC 16: Battle in the Bayou,March 13 1998,"New Orleans, Louisiana, USA",8,1998-03-13,0
574,http://ufcstats.com/event-details/29f935654825331b,UFC - Ultimate Japan,December 21 1997,"Yokohama, Kanagawa, Japan",8,1997-12-21,0
575,http://ufcstats.com/event-details/07a18ae55dfc3cd9,UFC 15: Collision Course,October 17 1997,"Bay St. Louis, Mississippi, USA",7,1997-10-17,0
576,http://ufcstats.com/event-details/dc950d59dc590aca,UFC 14: Showdown,July 27 1997,"Birmingham, Alabama, USA",9,1997-07-27,0
577,http://ufcstats.com/event-details/5bd533d50c8e7b8a,UFC 13: The Ultimate Force,May 30 1997,"Augusta, Georgia, USA",9,1997-05-30,0
578,http://ufcstats.com/event-details/96eff1a628adcc7f,UFC 12: Judgement Day,February 07 1997,"Dothan, Alabama, USA",9,1997-02-07,0
579,http://ufcstats.com/event-details/9b5b5a75523728f3,UFC - Ultimate Ultimate '96,December 07 1996,"Birmingham, Alabama, USA",10,1996-12-07,0
580,http://ufcstats.com/event-details/6ceff86fae4f6b3b,UFC 11: The Proving Ground,September 20 1996,"Augusta, Georgia, USA",8,1996-09-20,0
581,http://ufcstats.com/event-details/aee8eecfc4bfb1e7,UFC 10: The Tournament,July 12 1996,"Birmingham, Alabama, USA",9,1996-07-12,0
582,http://ufcstats.com/event-details/a390eb8a9b2df298,UFC 9: Motor City Madness,May 17 1996,"Detroit, Michigan, USA",7,1996-05-17,0
583,http://ufcstats.com/event-details/b63e800c18e011b5,UFC 8: David vs Goliath,February 16 1996,"San Juan, Puerto Rico",9,1996-02-16,0
584,http://ufcstats.com/event-details/31bbd46d57dfbcb7,UFC - Ultimate Ultimate '95,December 16 1995,"Denver, Colorado, USA",9,1995-12-16,0
585,http://ufcstats.com/event-details/5af480a3b2e1726b,UFC 7: The Brawl in Buffalo,September 08 1995,"Buffalo, New York, USA",12,1995-09-08,0
586,http://ufcstats.com/event-details/1c3f5e85b59ec710,UFC 6: Clash of the Titans,July 14 1995,"Casper, Wyoming, USA",10,1995-07-14,0
587,http://ufcstats.com/event-details/dedc3bb440d09554,UFC 5: The Return of the Beast,April 07 1995,"Charlotte, North Carolina, USA",11,1995-04-07,0
588,http://ufcstats.com/event-details/b60391da771deefe,UFC 4: Revenge of the Warriors,December 16 1994,"Tulsa, Oklahoma, USA",10,1994-12-16,0
589,http://ufcstats.com/event-details/1a49e0670dfaca31,UFC 3: The American Dream,September 09 1994,"Charlotte, North Carolina, USA",6,1994-09-09,0
590,http://ufcstats.com/event-details/a6a9ab5a824e8f66,UFC 2: No Way Out,March 11 1994,"Denver, Colorado, USA",15,1994-03-11,0
